timestamp,Close,High,Low,Open,Volume,metric
2021-02-20,55936.04,57553.81,54000.0,56000.59,5187.25046252,0.0
2021-02-20,55936.04,57553.81,54000.0,56000.59,5187.25046252,0.0
2021-02-21,57492.91,58354.14,55537.99,55919.75,3562.96950963,0.0
2021-02-21,57492.91,58354.14,55537.99,55919.75,3562.96950963,0.0
2021-02-22,54173.65,57564.19,47400.0,57485.74,17002.83273081,2251.918401000001
2021-02-22,54173.65,57564.19,47400.0,57485.74,17002.83273081,2251.918401000001
2021-02-23,48887.93,54196.58,44845.72,54173.64,17766.39814895,1031.3899999999994
2021-02-23,48887.93,54196.58,44845.72,54173.64,17766.39814895,1031.3899999999994
2021-02-24,49754.0,51459.51,47000.0,48927.33,8774.36674339,327.08699999999953
2021-02-24,49754.0,51459.51,47000.0,48927.33,8774.36674339,327.08699999999953
2021-02-25,47088.58,52079.16,46723.0,49715.13,7920.69294708,417.0413000000008
2021-02-25,47088.58,52079.16,46723.0,49715.13,7920.69294708,417.0413000000008
2021-02-26,46314.83,48476.62,44151.97,47070.18,8126.22740854,151.76499999999942
2021-02-26,46314.83,48476.62,44151.97,47070.18,8126.22740854,151.76499999999942
2021-02-27,46109.98,48365.31,45050.0,46324.15,3071.56836645,0.0
2021-02-27,46109.98,48365.31,45050.0,46324.15,3071.56836645,0.0
2021-02-28,45240.96,46659.88,43021.0,46142.1,6668.91811403,0.0
2021-02-28,45240.96,46659.88,43021.0,46142.1,6668.91811403,0.0
2021-03-01,49629.33,49831.52,45020.25,45261.56,8512.7594378,457.8109999999997
2021-03-01,49629.33,49831.52,45020.25,45261.56,8512.7594378,457.8109999999997
2021-03-02,48516.35,50250.0,47069.52,49641.89,4945.78880692,467.52200000000084
2021-03-02,48516.35,50250.0,47069.52,49641.89,4945.78880692,467.52200000000084
2021-03-03,50379.68,52652.82,48168.45,48438.0,6151.4871525,152.8760000000002
2021-03-03,50379.68,52652.82,48168.45,48438.0,6151.4871525,152.8760000000002
2021-03-04,48360.5,51817.54,47500.0,50376.05,5641.61213573,58.05199999999968
2021-03-04,48360.5,51817.54,47500.0,50376.05,5641.61213573,58.05199999999968
2021-03-05,48739.21,49471.24,46294.0,48353.09,5219.24690875,93.73599999999897
2021-03-05,48739.21,49471.24,46294.0,48353.09,5219.24690875,93.73599999999897
2021-03-06,48904.63,49200.0,47082.29,48774.67,2141.06029528,0.0
2021-03-06,48904.63,49200.0,47082.29,48774.67,2141.06029528,0.0
2021-03-07,50967.3,51477.53,48933.12,48933.12,2818.44991057,0.0
2021-03-07,50967.3,51477.53,48933.12,48933.12,2818.44991057,0.0
2021-03-08,52427.8,52427.8,49316.98,50952.55,4419.56113432,265.51650000000154
2021-03-08,52427.8,52427.8,49316.98,50952.55,4419.56113432,265.51650000000154
2021-03-09,54929.02,54939.26,51857.0,52427.8,5428.89224399,446.8837999999996
2021-03-09,54929.02,54939.26,51857.0,52427.8,5428.89224399,446.8837999999996
2021-03-10,55852.29,57402.89,53010.0,54927.29,6916.27818124,309.34399999999914
2021-03-10,55852.29,57402.89,53010.0,54927.29,6916.27818124,309.34399999999914
2021-03-11,57772.09,58155.99,54269.0,55918.09,6640.48776529,210.09300000000076
2021-03-11,57772.09,58155.99,54269.0,55918.09,6640.48776529,210.09300000000076
2021-03-12,57271.04,58098.5,55011.0,57847.92,5232.31057076,450.825499999999
2021-03-12,57271.04,58098.5,55011.0,57847.92,5232.31057076,450.825499999999
2021-03-13,61165.19,61781.83,56080.96,57297.67,6187.83400169,0.0
2021-03-13,61165.19,61781.83,56080.96,57297.67,6187.83400169,0.0
2021-03-14,59016.39,61700.0,58959.57,61177.03,3274.12215493,0.0
2021-03-14,59016.39,61700.0,58959.57,61177.03,3274.12215493,0.0
2021-03-15,55644.37,60595.13,54555.0,58956.9,7725.21404982,436.3767000000007
2021-03-15,55644.37,60595.13,54555.0,58956.9,7725.21404982,436.3767000000007
2021-03-16,56908.34,56950.0,53221.0,55616.42,7733.22669474,30.23999999999978
2021-03-16,56908.34,56950.0,53221.0,55616.42,7733.22669474,30.23999999999978
2021-03-17,58901.8,58968.8,54124.0,56928.38,5840.07702599,188.32639999999992
2021-03-17,58901.8,58968.8,54124.0,56928.38,5840.07702599,188.32639999999992
2021-03-18,57648.05,60083.25,57000.0,58939.73,5516.46389423,302.78880000000026
2021-03-18,57648.05,60083.25,57000.0,58939.73,5516.46389423,302.78880000000026
2021-03-19,58072.0,59450.95,56279.34,57648.01,3523.48233151,109.08779999999933
2021-03-19,58072.0,59450.95,56279.34,57648.01,3523.48233151,109.08779999999933
2021-03-20,58138.39,59957.0,57815.61,58029.94,2382.94564802,0.0
2021-03-20,58138.39,59957.0,57815.61,58029.94,2382.94564802,0.0
2021-03-21,57381.79,58632.52,55500.0,58072.87,3628.79780904,0.0
2021-03-21,57381.79,58632.52,55500.0,58072.87,3628.79780904,0.0
2021-03-22,54070.92,58461.78,53715.0,57410.54,6566.96696309,213.91420000000107
2021-03-22,54070.92,58461.78,53715.0,57410.54,6566.96696309,213.91420000000107
2021-03-23,54361.57,55866.44,52933.03,54117.71,4996.46365198,250.6924999999992
2021-03-23,54361.57,55866.44,52933.03,54117.71,4996.46365198,250.6924999999992
2021-03-24,52287.52,57207.33,51638.76,54360.07,6867.5643368,33.910400000000664
2021-03-24,52287.52,57207.33,51638.76,54360.07,6867.5643368,33.910400000000664
2021-03-25,51326.11,53271.59,50360.0,52281.77,6682.61740401,49.090000000000146
2021-03-25,51326.11,53271.59,50360.0,52281.77,6682.61740401,49.090000000000146
2021-03-26,55081.37,55114.86,51263.38,51292.65,4874.25111496,146.67749999999978
2021-03-26,55081.37,55114.86,51263.38,51292.65,4874.25111496,146.67749999999978
2021-03-27,55839.42,56686.15,53948.35,55081.26,2609.96757961,0.0
2021-03-27,55839.42,56686.15,53948.35,55081.26,2609.96757961,0.0
2021-03-28,55790.92,56573.04,54677.51,55817.85,2073.4491914,0.0
2021-03-28,55790.92,56573.04,54677.51,55817.85,2073.4491914,0.0
2021-03-29,57600.1,58402.68,54892.42,55790.28,5360.42566319,341.3253000000004
2021-03-29,57600.1,58402.68,54892.42,55790.28,5360.42566319,341.3253000000004
2021-03-30,58760.59,59388.66,57011.0,57623.66,3392.33861916,365.2039999999997
2021-03-30,58760.59,59388.66,57011.0,57623.66,3392.33861916,365.2039999999997
2021-03-31,58782.58,59816.17,56713.45,58767.75,4595.25252072,578.5679999999993
2021-03-31,58782.58,59816.17,56713.45,58767.75,4595.25252072,578.5679999999993
2021-04-01,58728.53,59490.0,57935.42,58789.96,2786.58091029,287.59500000000116
2021-04-01,58728.53,59490.0,57935.42,58789.96,2786.58091029,287.59500000000116
2021-04-02,59003.6,60103.04,58450.0,58744.0,2564.6000207,0.0
2021-04-02,59003.6,60103.04,58450.0,58744.0,2564.6000207,0.0
2021-04-03,57064.42,59801.39,56922.0,58967.61,1663.26835296,0.0
2021-04-03,57064.42,59801.39,56922.0,58967.61,1663.26835296,0.0
2021-04-04,58212.18,58501.0,56466.25,57064.13,1440.63181986,0.0
2021-04-04,58212.18,58501.0,56466.25,57064.13,1440.63181986,0.0
2021-04-05,59125.0,59280.0,56800.0,58213.69,2402.43713513,247.59699999999793
2021-04-05,59125.0,59280.0,56800.0,58213.69,2402.43713513,247.59699999999793
2021-04-06,58018.3,59473.9,57216.0,59135.36,2711.39784733,116.9230000000025
2021-04-06,58018.3,59473.9,57216.0,59135.36,2711.39784733,116.9230000000025
2021-04-07,55932.83,58668.0,55441.93,58024.9,5454.57661606,-3.656000000002677
2021-04-07,55932.83,58668.0,55441.93,58024.9,5454.57661606,-3.656000000002677
2021-04-08,58096.6,58145.49,55680.4,55912.38,4586.80685854,43.44800000000032
2021-04-08,58096.6,58145.49,55680.4,55912.38,4586.80685854,43.44800000000032
2021-04-09,58109.56,58890.25,57657.43,58066.18,2660.64809651,146.5709999999999
2021-04-09,58109.56,58890.25,57657.43,58066.18,2660.64809651,146.5709999999999
2021-04-10,59766.93,61222.22,57870.0,58129.02,3917.95081704,0.0
2021-04-10,59766.93,61222.22,57870.0,58129.02,3917.95081704,0.0
2021-04-11,59979.26,60679.0,59165.15,59773.19,1822.72044967,0.0
2021-04-11,59979.26,60679.0,59165.15,59773.19,1822.72044967,0.0
2021-04-12,59831.66,61234.56,59361.11,59972.26,3707.43645474,85.31110000000263
2021-04-12,59831.66,61234.56,59361.11,59972.26,3707.43645474,85.31110000000263
2021-04-13,63564.48,63769.0,59780.0,59814.87,5711.52676941,394.9969999999994
2021-04-13,63564.48,63769.0,59780.0,59814.87,5711.52676941,394.9969999999994
2021-04-14,62986.09,64895.22,61327.0,63605.69,6002.89354304,347.8139999999985
2021-04-14,62986.09,64895.22,61327.0,63605.69,6002.89354304,347.8139999999985
2021-04-15,63239.19,63855.37,61998.9,62954.2,3433.44934498,488.8140000000021
2021-04-15,63239.19,63855.37,61998.9,62954.2,3433.44934498,488.8140000000021
2021-04-16,61436.24,63580.4,60042.04,63247.24,5778.81668659,167.16200000000026
2021-04-16,61436.24,63580.4,60042.04,63247.24,5778.81668659,167.16200000000026
2021-04-17,60032.29,62596.48,59676.67,61436.23,3091.48365756,0.0
2021-04-17,60032.29,62596.48,59676.67,61436.23,3091.48365756,0.0
2021-04-18,56280.6,60433.81,51541.16,60048.82,12869.85937399,0.0
2021-04-18,56280.6,60433.81,51541.16,60048.82,12869.85937399,0.0
2021-04-19,55694.55,57633.0,54252.88,56260.83,5791.23906226,55.623999999999796
2021-04-19,55694.55,57633.0,54252.88,56260.83,5791.23906226,55.623999999999796
2021-04-20,56503.19,57119.0,53400.0,55694.55,5863.88283884,-54.6140000000014
2021-04-20,56503.19,57119.0,53400.0,55694.55,5863.88283884,-54.6140000000014
2021-04-21,53806.24,56850.0,53628.79,56493.02,4578.25708723,25.883999999998196
2021-04-21,53806.24,56850.0,53628.79,56493.02,4578.25708723,25.883999999998196
2021-04-22,51683.95,55491.8,50450.01,53823.48,7838.95634691,57.19000000000233
2021-04-22,51683.95,55491.8,50450.01,53823.48,7838.95634691,57.19000000000233
2021-04-23,51176.65,52131.34,47555.0,51693.98,11649.31918465,18.667999999997846
2021-04-23,51176.65,52131.34,47555.0,51693.98,11649.31918465,18.667999999997846
2021-04-24,50118.94,51227.38,48713.34,51177.77,3445.13658315,0.0
2021-04-24,50118.94,51227.38,48713.34,51177.77,3445.13658315,0.0
2021-04-25,49128.43,50608.94,47004.2,50126.34,4167.43570798,0.0
2021-04-25,49128.43,50608.94,47004.2,50126.34,4167.43570798,0.0
2021-04-26,54073.41,54404.78,48823.01,49122.75,6046.79682802,-22.56499999999869
2021-04-26,54073.41,54404.78,48823.01,49122.75,6046.79682802,-22.56499999999869
2021-04-27,55091.39,55519.37,53325.75,54015.32,4111.12521596,107.45600000000195
2021-04-27,55091.39,55519.37,53325.75,54015.32,4111.12521596,107.45600000000195
2021-04-28,54901.97,56500.0,53811.49,55094.73,4542.50992013,140.75
2021-04-28,54901.97,56500.0,53811.49,55094.73,4542.50992013,140.75
2021-04-29,53593.97,55239.33,52379.9,54898.45,4172.67670698,163.875
2021-04-29,53593.97,55239.33,52379.9,54898.45,4172.67670698,163.875
2021-04-30,57775.27,58008.0,53087.15,53585.93,4809.18204712,32.70399799999723
2021-04-30,57775.27,58008.0,53087.15,53585.93,4809.18204712,32.70399799999723
2021-05-01,57851.91,58549.0,57049.63,57790.66,2248.55545142,0.0
2021-05-01,57851.91,58549.0,57049.63,57790.66,2248.55545142,0.0
2021-05-02,56622.66,57967.01,56064.51,57893.01,1887.08427188,0.0
2021-05-02,56622.66,57967.01,56064.51,57893.01,1887.08427188,0.0
2021-05-03,57222.37,59000.0,56500.0,56599.91,3636.51735676,71.39500200000111
2021-05-03,57222.37,59000.0,56500.0,56599.91,3636.51735676,71.39500200000111
2021-05-04,53236.84,57250.85,53080.69,57227.64,5747.19401914,-41.06999999999971
2021-05-04,53236.84,57250.85,53080.69,57227.64,5747.19401914,-41.06999999999971
2021-05-05,57509.93,57976.62,52924.5,53221.75,5504.55788108,0.11799999999857301
2021-05-05,57509.93,57976.62,52924.5,53221.75,5504.55788108,0.11799999999857301
2021-05-06,56447.39,58420.83,55283.0,57517.08,5144.23317131,-87.27100000000064
2021-05-06,56447.39,58420.83,55283.0,57517.08,5144.23317131,-87.27100000000064
2021-05-07,57381.73,58743.85,55288.11,56425.82,4234.70954424,-66.28999999999724
2021-05-07,57381.73,58743.85,55288.11,56425.82,4234.70954424,-66.28999999999724
2021-05-08,58984.75,59564.24,56977.5,57371.02,2928.99345356,0.0
2021-05-08,58984.75,59564.24,56977.5,57371.02,2928.99345356,0.0
2021-05-09,58305.24,59300.62,56256.0,58964.89,2589.62561937,0.0
2021-05-09,58305.24,59300.62,56256.0,58964.89,2589.62561937,0.0
2021-05-10,55880.72,59603.0,53500.0,58336.16,6589.4271403,-212.8520000000026
2021-05-10,55880.72,59603.0,53500.0,58336.16,6589.4271403,-212.8520000000026
2021-05-11,56763.7,56972.33,54500.0,55854.43,4203.16906929,28.266999999999825
2021-05-11,56763.7,56972.33,54500.0,55854.43,4203.16906929,28.266999999999825
2021-05-12,49386.56,58021.26,48530.0,56763.7,6367.35410217,14.409000000003289
2021-05-12,49386.56,58021.26,48530.0,56763.7,6367.35410217,14.409000000003289
2021-05-13,49694.96,51420.72,45700.0,49419.44,9096.38363317,-893.6090000000004
2021-05-13,49694.96,51420.72,45700.0,49419.44,9096.38363317,-893.6090000000004
2021-05-14,49880.43,51572.0,48875.69,49711.64,4011.0819038,-166.83600000000297
2021-05-14,49880.43,51572.0,48875.69,49711.64,4011.0819038,-166.83600000000297
2021-05-15,46708.89,50710.93,46448.53,49883.89,3613.92837843,0.0
2021-05-15,46708.89,50710.93,46448.53,49883.89,3613.92837843,0.0
2021-05-16,46444.75,49800.0,43769.4,46753.4,5750.08326356,0.0
2021-05-16,46444.75,49800.0,43769.4,46753.4,5750.08326356,0.0
2021-05-17,43593.39,46648.5,42100.0,46446.42,12262.72268102,58.643998999999894
2021-05-17,43593.39,46648.5,42100.0,46446.42,12262.72268102,58.643998999999894
2021-05-18,42877.75,45872.05,42023.69,43581.27,6275.91387222,-24.336998999999196
2021-05-18,42877.75,45872.05,42023.69,43581.27,6275.91387222,-24.336998999999196
2021-05-19,36780.43,43601.63,30066.0,42900.85,32468.86397019,147.6280000000006
2021-05-19,36780.43,43601.63,30066.0,42900.85,32468.86397019,147.6280000000006
2021-05-20,40640.9,43000.0,35000.0,36793.39,14703.03041947,105.09200000000055
2021-05-20,40640.9,43000.0,35000.0,36793.39,14703.03041947,105.09200000000055
2021-05-21,37335.16,42297.89,33520.0,40566.13,13106.84060164,365.50299799999993
2021-05-21,37335.16,42297.89,33520.0,40566.13,13106.84060164,365.50299799999993
2021-05-22,37500.54,38887.99,35260.0,37318.43,5720.00562166,0.0
2021-05-22,37500.54,38887.99,35260.0,37318.43,5720.00562166,0.0
2021-05-23,34706.79,38311.74,31107.46,37474.34,9376.29208573,0.0
2021-05-23,34706.79,38311.74,31107.46,37474.34,9376.29208573,0.0
2021-05-24,38839.86,39960.0,34426.21,34735.35,10213.18324641,0.0
2021-05-24,38839.86,39960.0,34426.21,34735.35,10213.18324641,0.0
2021-05-25,38397.72,40000.0,36486.85,38848.36,5765.3472603,428.3580010000005
2021-05-25,38397.72,40000.0,36486.85,38848.36,5765.3472603,428.3580010000005
2021-05-26,39309.56,40904.0,37859.74,38385.87,4205.61283515,25.392001000000164
2021-05-26,39309.56,40904.0,37859.74,38385.87,4205.61283515,25.392001000000164
2021-05-27,38503.47,40429.47,37212.9,39299.46,4113.43820958,250.14600000000064
2021-05-27,38503.47,40429.47,37212.9,39299.46,4113.43820958,250.14600000000064
2021-05-28,35692.46,38905.12,34710.23,38578.5,6167.02059154,136.78999999999724
2021-05-28,35692.46,38905.12,34710.23,38578.5,6167.02059154,136.78999999999724
2021-05-29,34632.08,37348.01,33650.0,35691.36,4457.16762006,0.0
2021-05-29,34632.08,37348.01,33650.0,35691.36,4457.16762006,0.0
2021-05-30,35677.72,36516.99,33425.0,34644.09,2979.71977699,0.0
2021-05-30,35677.72,36516.99,33425.0,34644.09,2979.71977699,0.0
2021-05-31,37341.41,37540.96,34195.2,35675.3,4383.79233382,0.0
2021-05-31,37341.41,37540.96,34195.2,35675.3,4383.79233382,0.0
2021-06-01,36693.3,37927.44,35699.98,37279.89,4348.7544836,288.6100000000006
2021-06-01,36693.3,37927.44,35699.98,37279.89,4348.7544836,288.6100000000006
2021-06-02,37589.36,38256.3,35933.19,36693.3,4270.10341121,-56.49199999999837
2021-06-02,37589.36,38256.3,35933.19,36693.3,4270.10341121,-56.49199999999837
2021-06-03,39219.88,39490.0,37176.06,37585.12,4058.94293164,-19.291000000001077
2021-06-03,39219.88,39490.0,37176.06,37585.12,4058.94293164,-19.291000000001077
2021-06-04,36887.32,39277.36,35576.67,39242.94,5786.18608707,33.02100000000064
2021-06-04,36887.32,39277.36,35576.67,39242.94,5786.18608707,33.02100000000064
2021-06-05,35532.14,37927.93,34849.65,36851.58,4106.34880652,0.0
2021-06-05,35532.14,37927.93,34849.65,36851.58,4106.34880652,0.0
2021-06-06,35808.85,36510.58,35250.0,35532.59,2526.73361997,0.0
2021-06-06,35808.85,36510.58,35250.0,35532.59,2526.73361997,0.0
2021-06-07,33582.62,36808.3,33321.09,35810.69,4913.04022502,100.99699999999939
2021-06-07,33582.62,36808.3,33321.09,35810.69,4913.04022502,100.99699999999939
2021-06-08,33411.69,34085.61,31025.0,33567.51,9044.64846998,153.46299999999974
2021-06-08,33411.69,34085.61,31025.0,33567.51,9044.64846998,153.46299999999974
2021-06-09,37400.0,37556.25,32423.72,33413.19,8539.5873422,-6.266999999999825
2021-06-09,37400.0,37556.25,32423.72,33413.19,8539.5873422,-6.266999999999825
2021-06-10,36707.54,38446.24,35824.69,37414.64,5761.7248874,36.3179999999993
2021-06-10,36707.54,38446.24,35824.69,37414.64,5761.7248874,36.3179999999993
2021-06-11,37341.11,37680.65,35958.49,36724.97,3741.23051559,0.0
2021-06-11,37341.11,37680.65,35958.49,36724.97,3741.23051559,0.0
2021-06-12,35542.76,37445.55,34630.0,37338.91,3727.9523535,0.0
2021-06-12,35542.76,37445.55,34630.0,37338.91,3727.9523535,0.0
2021-06-13,39013.76,39386.43,34783.9,35563.66,3601.91766642,0.0
2021-06-13,39013.76,39386.43,34783.9,35563.66,3601.91766642,0.0
2021-06-14,40532.79,41050.0,38758.4,39035.52,6281.28059699,53.63600000000224
2021-06-14,40532.79,41050.0,38758.4,39035.52,6281.28059699,53.63600000000224
2021-06-15,40171.47,41341.57,39526.47,40544.19,4078.8019744,54.94599999999991
2021-06-15,40171.47,41341.57,39526.47,40544.19,4078.8019744,54.94599999999991
2021-06-16,38353.99,40506.59,38095.41,40166.93,4008.51296381,112.02899999999863
2021-06-16,38353.99,40506.59,38095.41,40166.93,4008.51296381,112.02899999999863
2021-06-17,38097.68,39553.05,37350.0,38361.38,3569.2526164,107.95000000000073
2021-06-17,38097.68,39553.05,37350.0,38361.38,3569.2526164,107.95000000000073
2021-06-18,35840.0,38208.68,35143.68,38110.25,4240.40486721,200.34899999999834
2021-06-18,35840.0,38208.68,35143.68,38110.25,4240.40486721,200.34899999999834
2021-06-19,35507.06,36440.0,34718.21,35849.18,3129.33472247,0.0
2021-06-19,35507.06,36440.0,34718.21,35849.18,3129.33472247,0.0
2021-06-20,35589.77,36125.0,33337.0,35494.7,3958.11811992,0.0
2021-06-20,35589.77,36125.0,33337.0,35494.7,3958.11811992,0.0
2021-06-21,31634.16,35763.8,31238.69,35598.66,8580.06222043,508.242000000002
2021-06-21,31634.16,35763.8,31238.69,35598.66,8580.06222043,508.242000000002
2021-06-22,32545.26,33315.85,28600.0,31628.83,9778.51694548,271.3729999999996
2021-06-22,32545.26,33315.85,28600.0,31628.83,9778.51694548,271.3729999999996
2021-06-23,33652.28,35000.0,31670.89,32547.57,5855.58129399,113.36999999999898
2021-06-23,33652.28,35000.0,31670.89,32547.57,5855.58129399,113.36999999999898
2021-06-24,34649.32,35289.0,32314.37,33693.99,4725.82718452,70.59500000000116
2021-06-24,34649.32,35289.0,32314.37,33693.99,4725.82718452,70.59500000000116
2021-06-25,31597.75,35517.22,31271.02,34652.68,5099.26353351,412.72000000000116
2021-06-25,31597.75,35517.22,31271.02,34652.68,5099.26353351,412.72000000000116
2021-06-26,32269.38,32714.46,30082.79,31595.95,3300.16005776,0.0
2021-06-26,32269.38,32714.46,30082.79,31595.95,3300.16005776,0.0
2021-06-27,34699.5,34772.94,32015.82,32293.98,3260.56534452,0.0
2021-06-27,34699.5,34772.94,32015.82,32293.98,3260.56534452,0.0
2021-06-28,34487.11,35357.13,33878.23,34716.02,3369.99371686,344.3119999999981
2021-06-28,34487.11,35357.13,33878.23,34716.02,3369.99371686,344.3119999999981
2021-06-29,35907.93,36623.79,34240.0,34494.42,3179.50783988,128.0030000000006
2021-06-29,35907.93,36623.79,34240.0,34494.42,3179.50783988,128.0030000000006
2021-06-30,35037.23,36099.82,34049.36,35900.05,3381.0453953,120.42199999999866
2021-06-30,35037.23,36099.82,34049.36,35900.05,3381.0453953,120.42199999999866
2021-07-01,33564.21,35071.34,32700.88,35059.71,3118.76325902,0.0
2021-07-01,33564.21,35071.34,32700.88,35059.71,3118.76325902,0.0
2021-07-02,33811.56,33981.51,32700.05,33537.11,2086.83881625,109.7980000000025
2021-07-02,33811.56,33981.51,32700.05,33537.11,2086.83881625,109.7980000000025
2021-07-03,34688.3,34959.72,33333.1,33810.46,1244.49692391,0.0
2021-07-03,34688.3,34959.72,33333.1,33810.46,1244.49692391,0.0
2021-07-04,35289.21,35960.0,34404.29,34672.08,1204.00371528,0.0
2021-07-04,35289.21,35960.0,34404.29,34672.08,1204.00371528,0.0
2021-07-05,33704.21,35258.7,33143.0,35255.0,2254.35340918,3.721999999997933
2021-07-05,33704.21,35258.7,33143.0,35255.0,2254.35340918,3.721999999997933
2021-07-06,34244.09,35100.49,33510.58,33730.76,2386.50511711,107.58599999999933
2021-07-06,34244.09,35100.49,33510.58,33730.76,2386.50511711,107.58599999999933
2021-07-07,33882.47,35059.02,33800.0,34231.95,1540.04244824,-43.667999999997846
2021-07-07,33882.47,35059.02,33800.0,34231.95,1540.04244824,-43.667999999997846
2021-07-08,32898.79,33943.02,32101.0,33858.33,2945.85492495,105.78800000000047
2021-07-08,32898.79,33943.02,32101.0,33858.33,2945.85492495,105.78800000000047
2021-07-09,33826.43,34115.44,32285.73,32892.94,1636.57507041,-4.010000000002037
2021-07-09,33826.43,34115.44,32285.73,32892.94,1636.57507041,-4.010000000002037
2021-07-10,33517.6,34261.04,33014.21,33830.73,1442.42483187,0.0
2021-07-10,33517.6,34261.04,33014.21,33830.73,1442.42483187,0.0
2021-07-11,34258.53,34635.82,33335.49,33521.48,1635.01765874,0.0
2021-07-11,34258.53,34635.82,33335.49,33521.48,1635.01765874,0.0
2021-07-12,33105.0,34677.0,32660.0,34266.84,1879.53733471,-4.425999999999476
2021-07-12,33105.0,34677.0,32660.0,34266.84,1879.53733471,-4.425999999999476
2021-07-13,32728.0,33340.0,32190.0,33091.53,1870.57403303,20.213999999999942
2021-07-13,32728.0,33340.0,32190.0,33091.53,1870.57403303,20.213999999999942
2021-07-14,32823.55,33111.72,31589.35,32737.56,2753.09806091,18.74199999999837
2021-07-14,32823.55,33111.72,31589.35,32737.56,2753.09806091,18.74199999999837
2021-07-15,31848.65,33179.0,31121.57,32818.68,2470.21303625,88.70999800000209
2021-07-15,31848.65,33179.0,31121.57,32818.68,2470.21303625,88.70999800000209
2021-07-16,31388.17,32264.53,31012.93,31885.7,1912.46866725,-90.76599999999962
2021-07-16,31388.17,32264.53,31012.93,31885.7,1912.46866725,-90.76599999999962
2021-07-17,31529.68,31950.0,31176.66,31376.3,1550.07201059,0.0
2021-07-17,31529.68,31950.0,31176.66,31376.3,1550.07201059,0.0
2021-07-18,31776.65,32440.98,31100.0,31509.33,1256.54606075,0.0
2021-07-18,31776.65,32440.98,31100.0,31509.33,1256.54606075,0.0
2021-07-19,30829.29,31881.71,30400.0,31794.49,2506.27744084,-189.0659990000022
2021-07-19,30829.29,31881.71,30400.0,31794.49,2506.27744084,-189.0659990000022
2021-07-20,29786.58,31068.62,29296.39,30822.08,3413.24206454,-33.624001000000135
2021-07-20,29786.58,31068.62,29296.39,30822.08,3413.24206454,-33.624001000000135
2021-07-21,32138.45,32875.42,29500.0,29792.99,4842.16399723,131.276001000002
2021-07-21,32138.45,32875.42,29500.0,29792.99,4842.16399723,131.276001000002
2021-07-22,32300.88,32609.83,31703.15,32115.82,2392.46948134,29.11819900000046
2021-07-22,32300.88,32609.83,31703.15,32115.82,2392.46948134,29.11819900000046
2021-07-23,33684.17,33684.17,32000.0,32306.98,1976.38421775,-48.14089900000181
2021-07-23,33684.17,33684.17,32000.0,32306.98,1976.38421775,-48.14089900000181
2021-07-24,34301.78,34534.32,33419.31,33685.0,1440.46627864,0.0
2021-07-24,34301.78,34534.32,33419.31,33685.0,1440.46627864,0.0
2021-07-25,35428.28,35448.97,33874.03,34301.86,2063.49425027,0.0
2021-07-25,35428.28,35448.97,33874.03,34301.86,2063.49425027,0.0
2021-07-26,37291.24,40581.3,35282.7,35438.93,8840.39875048,-73.05400100000043
2021-07-26,37291.24,40581.3,35282.7,35438.93,8840.39875048,-73.05400100000043
2021-07-27,39475.41,39539.5,36386.19,37271.44,5896.66715588,-297.02000000000044
2021-07-27,39475.41,39539.5,36386.19,37271.44,5896.66715588,-297.02000000000044
2021-07-28,40036.32,40927.53,38786.8,39446.94,3943.47800378,2.860000000000582
2021-07-28,40036.32,40927.53,38786.8,39446.94,3943.47800378,2.860000000000582
2021-07-29,40037.51,40662.8,39239.95,40024.8,2306.03838571,64.95300000000134
2021-07-29,40037.51,40662.8,39239.95,40024.8,2306.03838571,64.95300000000134
2021-07-30,42234.89,42335.5,38331.37,40045.21,3651.71579023,64.1939999999995
2021-07-30,42234.89,42335.5,38331.37,40045.21,3651.71579023,64.1939999999995
2021-07-31,41490.13,42411.32,41007.51,42236.72,1507.86822076,0.0
2021-07-31,41490.13,42411.32,41007.51,42236.72,1507.86822076,0.0
2021-08-01,39839.0,42614.85,39424.27,41489.16,2042.01706796,0.0
2021-08-01,39839.0,42614.85,39424.27,41489.16,2042.01706796,0.0
2021-08-02,39165.55,40459.31,38687.62,39875.2,2407.96526999,0.0
2021-08-02,39165.55,40459.31,38687.62,39875.2,2407.96526999,0.0
2021-08-03,38177.07,39792.83,37639.0,39157.52,3279.64493738,-34.14500000000044
2021-08-03,38177.07,39792.83,37639.0,39157.52,3279.64493738,-34.14500000000044
2021-08-04,39741.12,39973.94,37481.0,38173.75,4080.83535873,-87.01099899999826
2021-08-04,39741.12,39973.94,37481.0,38173.75,4080.83535873,-87.01099899999826
2021-08-05,40894.67,41401.96,37300.0,39742.77,5804.4070686,28.08129999999801
2021-08-05,40894.67,41401.96,37300.0,39742.77,5804.4070686,28.08129999999801
2021-08-06,42856.59,43381.0,39879.47,40893.77,2937.38483944,-10.93500099999801
2021-08-06,42856.59,43381.0,39879.47,40893.77,2937.38483944,-10.93500099999801
2021-08-07,44612.94,44763.14,42251.0,42857.09,4886.93838098,0.0
2021-08-07,44612.94,44763.14,42251.0,42857.09,4886.93838098,0.0
2021-08-08,43858.42,45355.0,43298.84,44624.4,3647.1306298,0.0
2021-08-08,43858.42,45355.0,43298.84,44624.4,3647.1306298,0.0
2021-08-09,46292.89,46529.02,42811.26,43836.05,4961.58828106,-40.94000000000233
2021-08-09,46292.89,46529.02,42811.26,43836.05,4961.58828106,-40.94000000000233
2021-08-10,45609.7,46759.0,44643.0,46282.3,2390.08850832,-75.3289999999979
2021-08-10,45609.7,46759.0,44643.0,46282.3,2390.08850832,-75.3289999999979
2021-08-11,45539.85,46787.6,45353.02,45596.21,2606.12636675,34.1050009999999
2021-08-11,45539.85,46787.6,45353.02,45596.21,2606.12636675,34.1050009999999
2021-08-12,44444.45,46236.7,43800.02,45536.8,2463.50628392,28.995998999998847
2021-08-12,44444.45,46236.7,43800.02,45536.8,2463.50628392,28.995998999998847
2021-08-13,47860.58,47929.18,44253.97,44413.35,2934.74203072,54.48400000000038
2021-08-13,47860.58,47929.18,44253.97,44413.35,2934.74203072,54.48400000000038
2021-08-14,47119.73,48190.0,46000.0,47855.0,1908.95141153,0.0
2021-08-14,47119.73,48190.0,46000.0,47855.0,1908.95141153,0.0
2021-08-15,47028.3,47424.0,45500.27,47130.97,1726.79562797,0.0
2021-08-15,47028.3,47424.0,45500.27,47130.97,1726.79562797,0.0
2021-08-16,45930.51,48075.22,45654.14,47024.96,2410.15099528,-32.11460000000079
2021-08-16,45930.51,48075.22,45654.14,47024.96,2410.15099528,-32.11460000000079
2021-08-17,44694.35,47183.37,44417.51,45930.48,3286.2732645,-14.911998999999923
2021-08-17,44694.35,47183.37,44417.51,45930.48,3286.2732645,-14.911998999999923
2021-08-18,44721.13,46041.62,44218.73,44631.47,2247.93415783,54.891999999999825
2021-08-18,44721.13,46041.62,44218.73,44631.47,2247.93415783,54.891999999999825
2021-08-19,46764.3,47114.99,43935.54,44734.16,2776.2376849,-18.393001000000368
2021-08-19,46764.3,47114.99,43935.54,44734.16,2776.2376849,-18.393001000000368
2021-08-20,49356.0,49436.1,46645.77,46759.29,2815.55159523,6.3180000000029395
2021-08-20,49356.0,49436.1,46645.77,46759.29,2815.55159523,6.3180000000029395
2021-08-21,48884.34,49833.02,48300.0,49332.31,1768.24156609,0.0
2021-08-21,48884.34,49833.02,48300.0,49332.31,1768.24156609,0.0
2021-08-22,49301.86,49540.01,48080.17,48883.84,985.76533304,0.0
2021-08-22,49301.86,49540.01,48080.17,48883.84,985.76533304,0.0
2021-08-23,49561.37,50562.11,49010.0,49296.71,2419.86814706,43.129000999997515
2021-08-23,49561.37,50562.11,49010.0,49296.71,2419.86814706,43.129000999997515
2021-08-24,47731.33,49893.5,47593.66,49516.08,2217.80305724,11.43500000000131
2021-08-24,47731.33,49893.5,47593.66,49516.08,2217.80305724,11.43500000000131
2021-08-25,49011.75,49273.93,47100.0,47670.8,1902.72053396,-34.40300099999877
2021-08-25,49011.75,49273.93,47100.0,47670.8,1902.72053396,-34.40300099999877
2021-08-26,46856.29,49387.6,46309.33,49022.39,2091.1098261,12.065000999999029
2021-08-26,46856.29,49387.6,46309.33,49022.39,2091.1098261,12.065000999999029
2021-08-27,49100.49,49187.0,46363.0,46857.86,1943.55725598,11.102998999998817
2021-08-27,49100.49,49187.0,46363.0,46857.86,1943.55725598,11.102998999998817
2021-08-28,48935.36,49325.0,48244.88,49100.49,692.70588551,0.0
2021-08-28,48935.36,49325.0,48244.88,49100.49,692.70588551,0.0
2021-08-29,48808.72,49666.0,47798.29,48947.1,1044.48189034,0.0
2021-08-29,48808.72,49666.0,47798.29,48947.1,1044.48189034,0.0
2021-08-30,47003.44,48915.29,46855.41,48782.56,1676.48255108,41.61200000000099
2021-08-30,47003.44,48915.29,46855.41,48782.56,1676.48255108,41.61200000000099
2021-08-31,47156.09,48270.33,46699.0,46969.05,2239.1677032,-53.95999999999913
2021-08-31,47156.09,48270.33,46699.0,46969.05,2239.1677032,-53.95999999999913
2021-09-01,48853.49,49134.0,46532.42,47118.02,2194.6300788,8.55199999999968
2021-09-01,48853.49,49134.0,46532.42,47118.02,2194.6300788,8.55199999999968
2021-09-02,49274.79,50390.0,48625.0,48830.93,2267.93197524,-23.377000000000407
2021-09-02,49274.79,50390.0,48625.0,48830.93,2267.93197524,-23.377000000000407
2021-09-03,50025.04,51050.0,48351.6,49284.93,2226.78294854,-106.3080000000009
2021-09-03,50025.04,51050.0,48351.6,49284.93,2226.78294854,-106.3080000000009
2021-09-04,49943.16,50570.94,49388.26,50033.5,869.28839285,0.0
2021-09-04,49943.16,50570.94,49388.26,50033.5,869.28839285,0.0
2021-09-05,51809.28,51900.0,49500.0,49965.32,986.487083,0.0
2021-09-05,51809.28,51900.0,49500.0,49965.32,986.487083,0.0
2021-09-06,52708.2,52810.0,51024.32,51809.28,2057.32862241,0.0
2021-09-06,52708.2,52810.0,51024.32,51809.28,2057.32862241,0.0
2021-09-07,46866.82,52956.47,42900.01,52719.43,6811.92218815,-653.3269
2021-09-07,46866.82,52956.47,42900.01,52719.43,6811.92218815,-653.3269
2021-09-08,46091.94,47386.72,44436.93,46894.3,3309.09834404,-96.35099999999875
2021-09-08,46091.94,47386.72,44436.93,46894.3,3309.09834404,-96.35099999999875
2021-09-09,46392.81,47419.95,45550.0,46070.43,2595.98696952,-70.74400000000242
2021-09-09,46392.81,47419.95,45550.0,46070.43,2595.98696952,-70.74400000000242
2021-09-10,44857.38,47029.08,44125.0,46368.11,2392.57110617,-113.91699999999764
2021-09-10,44857.38,47029.08,44125.0,46368.11,2392.57110617,-113.91699999999764
2021-09-11,45176.66,45993.32,44767.75,44858.2,906.80620376,0.0
2021-09-11,45176.66,45993.32,44767.75,44858.2,906.80620376,0.0
2021-09-12,46035.0,46491.63,44752.96,45162.96,1015.76215832,0.0
2021-09-12,46035.0,46491.63,44752.96,45162.96,1015.76215832,0.0
2021-09-13,44974.34,46895.82,43400.0,46039.42,2308.42207379,-4.973000000001775
2021-09-13,44974.34,46895.82,43400.0,46039.42,2308.42207379,-4.973000000001775
2021-09-14,47103.18,47273.38,44704.18,44983.77,1643.95662405,-72.25499900000068
2021-09-14,47103.18,47273.38,44704.18,44983.77,1643.95662405,-72.25499900000068
2021-09-15,48150.94,48465.77,46702.26,47123.81,1307.24871087,-16.14300099999673
2021-09-15,48150.94,48465.77,46702.26,47123.81,1307.24871087,-16.14300099999673
2021-09-16,47760.64,48505.0,47035.0,48188.12,1886.04173385,-56.38299900000129
2021-09-16,47760.64,48505.0,47035.0,48188.12,1886.04173385,-56.38299900000129
2021-09-17,47305.18,48179.0,46712.14,47773.44,1558.52317573,-1.0000003380000001e-06
2021-09-17,47305.18,48179.0,46712.14,47773.44,1558.52317573,-1.0000003380000001e-06
2021-09-18,48326.74,48834.0,47052.9,47316.21,1452.50623073,0.0
2021-09-18,48326.74,48834.0,47052.9,47316.21,1452.50623073,0.0
2021-09-19,47245.25,48389.52,46860.0,48307.05,999.59599085,0.0
2021-09-19,47245.25,48389.52,46860.0,48307.05,999.59599085,0.0
2021-09-20,43035.99,47334.54,42453.97,47257.86,4240.48541968,234.74150100000043
2021-09-20,43035.99,47334.54,42453.97,47257.86,4240.48541968,234.74150100000043
2021-09-21,40596.54,43643.34,39573.21,43003.07,5961.58790269,0.0
2021-09-21,40596.54,43643.34,39573.21,43003.07,5961.58790269,0.0
2021-09-22,43589.53,44031.85,40580.18,40702.07,3040.94514066,284.48699900000065
2021-09-22,43589.53,44031.85,40580.18,40702.07,3040.94514066,284.48699900000065
2021-09-23,44903.5,45013.17,43105.0,43586.0,2317.75578384,0.0
2021-09-23,44903.5,45013.17,43105.0,43586.0,2317.75578384,0.0
2021-09-24,42848.5,45159.9,40693.27,44893.7,4348.92828394,153.78909999999814
2021-09-24,42848.5,45159.9,40693.27,44893.7,4348.92828394,153.78909999999814
2021-09-25,42722.19,43010.69,41689.6,42835.88,879.19677382,0.0
2021-09-25,42722.19,43010.69,41689.6,42835.88,879.19677382,0.0
2021-09-26,43204.73,43956.38,40808.0,42699.1,1659.78466242,0.0
2021-09-26,43204.73,43956.38,40808.0,42699.1,1659.78466242,0.0
2021-09-27,42189.81,44377.7,42130.0,43162.82,1936.64957217,102.2960000000021
2021-09-27,42189.81,44377.7,42130.0,43162.82,1936.64957217,102.2960000000021
2021-09-28,41049.0,42778.93,40888.0,42154.87,2246.85357977,16.614999999997963
2021-09-28,41049.0,42778.93,40888.0,42154.87,2246.85357977,16.614999999997963
2021-09-29,41542.9,42595.93,40750.0,41024.21,1804.77808474,0.0
2021-09-29,41542.9,42595.93,40750.0,41024.21,1804.77808474,0.0
2021-09-30,43834.43,44117.74,41427.87,41537.56,2614.50420927,-11.83299999999872
2021-09-30,43834.43,44117.74,41427.87,41537.56,2614.50420927,-11.83299999999872
2021-10-01,48171.86,48500.0,43291.07,43835.47,3446.87226506,-19.916999000000942
2021-10-01,48171.86,48500.0,43291.07,43835.47,3446.87226506,-19.916999000000942
2021-10-02,47685.8,48361.83,47468.15,48185.61,1361.84402667,0.0
2021-10-02,47685.8,48361.83,47468.15,48185.61,1361.84402667,0.0
2021-10-03,48235.93,49225.55,47119.87,47644.63,1164.6029687,0.0
2021-10-03,48235.93,49225.55,47119.87,47644.63,1164.6029687,0.0
2021-10-04,49242.14,49530.53,46900.0,48231.04,2737.78053315,-14.10500200000024
2021-10-04,49242.14,49530.53,46900.0,48231.04,2737.78053315,-14.10500200000024
2021-10-05,51501.19,51914.68,49075.0,49283.89,2206.59644303,150.24700200000007
2021-10-05,51501.19,51914.68,49075.0,49283.89,2206.59644303,150.24700200000007
2021-10-06,55345.79,55800.0,50428.64,51521.89,4441.90271751,-24.547000999999
2021-10-06,55345.79,55800.0,50428.64,51521.89,4441.90271751,-24.547000999999
2021-10-07,53787.6,55360.32,53289.57,55360.1,2349.70121453,21.36699999999837
2021-10-07,53787.6,55360.32,53289.57,55360.1,2349.70121453,21.36699999999837
2021-10-08,53957.21,56168.0,53623.02,53816.16,2217.75513685,-29.51800000000003
2021-10-08,53957.21,56168.0,53623.02,53816.16,2217.75513685,-29.51800000000003
2021-10-09,54976.92,55512.05,53674.69,53952.82,1061.02324334,0.0
2021-10-09,54976.92,55512.05,53674.69,53952.82,1061.02324334,0.0
2021-10-10,54714.95,56561.0,51000.0,54984.49,1735.42193508,0.0
2021-10-10,54714.95,56561.0,51000.0,54984.49,1735.42193508,0.0
2021-10-11,57485.2,57855.79,54462.45,54657.0,1955.78560334,0.0
2021-10-11,57485.2,57855.79,54462.45,54657.0,1955.78560334,0.0
2021-10-12,55995.49,57701.0,53909.0,57490.0,3224.83970306,-46.806000000000495
2021-10-12,55995.49,57701.0,53909.0,57490.0,3224.83970306,-46.806000000000495
2021-10-13,57374.55,57773.89,54231.0,56004.61,3359.69683046,109.77015500000198
2021-10-13,57374.55,57773.89,54231.0,56004.61,3359.69683046,109.77015500000198
2021-10-14,57371.58,58550.0,56830.56,57395.84,1879.45401231,0.0
2021-10-14,57371.58,58550.0,56830.56,57395.84,1879.45401231,0.0
2021-10-15,61657.35,62944.94,56877.0,57370.48,4205.4230703,86.25094600000011
2021-10-15,61657.35,62944.94,56877.0,57370.48,4205.4230703,86.25094600000011
2021-10-16,60870.26,62352.0,60100.27,61703.45,1263.44800176,0.0
2021-10-16,60870.26,62352.0,60100.27,61703.45,1263.44800176,0.0
2021-10-17,61538.97,61712.0,58933.0,60885.27,1261.12996084,0.0
2021-10-17,61538.97,61712.0,58933.0,60885.27,1261.12996084,0.0
2021-10-18,62034.65,62679.0,59013.0,61519.52,5754.5518416,-7.81749900000068
2021-10-18,62034.65,62679.0,59013.0,61519.52,5754.5518416,-7.81749900000068
2021-10-19,64241.61,64499.0,61350.0,62014.99,3253.73979225,205.34890000000087
2021-10-19,64241.61,64499.0,61350.0,62014.99,3253.73979225,205.34890000000087
2021-10-20,65990.31,67016.5,63529.0,64282.2,3070.68430005,466.48383099999774
2021-10-20,65990.31,67016.5,63529.0,64282.2,3070.68430005,466.48383099999774
2021-10-21,62219.44,66664.1,61850.0,66027.81,3891.52853281,92.96801600000254
2021-10-21,62219.44,66664.1,61850.0,66027.81,3891.52853281,92.96801600000254
2021-10-22,60702.68,63757.28,59953.74,62207.51,3159.42528548,851.612810999999
2021-10-22,60702.68,63757.28,59953.74,62207.51,3159.42528548,851.612810999999
2021-10-23,61338.76,61737.38,59633.61,60698.54,1056.07965827,0.0
2021-10-23,61338.76,61737.38,59633.61,60698.54,1056.07965827,0.0
2021-10-24,60910.16,61497.33,59510.0,61306.64,1204.84773547,0.0
2021-10-24,60910.16,61497.33,59510.0,61306.64,1204.84773547,0.0
2021-10-25,63101.43,63733.93,60670.0,60883.96,1730.14621615,0.0
2021-10-25,63101.43,63733.93,60670.0,60883.96,1730.14621615,0.0
2021-10-26,60328.22,63299.3,59830.0,63101.43,1965.54522515,301.1660379999994
2021-10-26,60328.22,63299.3,59830.0,63101.43,1965.54522515,301.1660379999994
2021-10-27,58465.9,61489.0,58100.01,60331.4,3479.73809611,37.818153000000166
2021-10-27,58465.9,61489.0,58100.01,60331.4,3479.73809611,37.818153000000166
2021-10-28,60592.76,62524.0,56425.0,58471.06,3769.75506439,78.28017900000123
2021-10-28,60592.76,62524.0,56425.0,58471.06,3769.75506439,78.28017900000123
2021-10-29,62301.59,62971.54,60154.53,60608.95,3884.64236172,187.09831499999927
2021-10-29,62301.59,62971.54,60154.53,60608.95,3884.64236172,187.09831499999927
2021-10-30,61932.3,62376.32,60660.02,62278.92,1542.31917477,0.0
2021-10-30,61932.3,62376.32,60660.02,62278.92,1542.31917477,0.0
2021-10-31,61359.44,62438.85,60000.0,61904.96,1548.12901591,0.0
2021-10-31,61359.44,62438.85,60000.0,61904.96,1548.12901591,0.0
2021-11-01,60922.85,62500.0,59500.0,61356.57,2507.39797107,7.586916000000201
2021-11-01,60922.85,62500.0,59500.0,61356.57,2507.39797107,7.586916000000201
2021-11-02,63260.0,64300.0,60669.91,60949.78,3336.52681752,-3.463047000001097
2021-11-02,63260.0,64300.0,60669.91,60949.78,3336.52681752,-3.463047000001097
2021-11-03,62930.72,63567.21,60018.46,63260.0,2148.47086339,5.22878800000035
2021-11-03,62930.72,63567.21,60018.46,63260.0,2148.47086339,5.22878800000035
2021-11-04,61457.25,63136.82,60725.0,62945.38,1507.54272229,54.11027300000205
2021-11-04,61457.25,63136.82,60725.0,62945.38,1507.54272229,54.11027300000205
2021-11-05,61031.91,62666.52,60769.17,61430.02,1569.40792218,0.09354600000006001
2021-11-05,61031.91,62666.52,60769.17,61430.02,1569.40792218,0.09354600000006001
2021-11-06,61542.44,61609.5,60109.91,61008.19,1268.5118197,0.0
2021-11-06,61542.44,61609.5,60109.91,61008.19,1268.5118197,0.0
2021-11-07,63300.0,63300.0,61396.57,61542.43,1115.66885061,0.0
2021-11-07,63300.0,63300.0,61396.57,61542.43,1115.66885061,0.0
2021-11-08,67559.0,67803.55,63300.0,63300.0,2715.42386367,26.071774999996705
2021-11-08,67559.0,67803.55,63300.0,63300.0,2715.42386367,26.071774999996705
2021-11-09,66945.72,68564.4,66250.0,67547.49,2136.85836086,58.184502000000066
2021-11-09,66945.72,68564.4,66250.0,67547.49,2136.85836086,58.184502000000066
2021-11-10,64921.43,69000.0,62856.71,66928.42,3419.11869317,-40.18978900000002
2021-11-10,64921.43,69000.0,62856.71,66928.42,3419.11869317,-40.18978900000002
2021-11-11,64821.33,65625.44,64140.0,64919.18,1583.28379977,0.0
2021-11-11,64821.33,65625.44,64140.0,64919.18,1583.28379977,0.0
2021-11-12,64158.41,65497.53,62294.84,64783.13,2519.30730563,34.96997800000099
2021-11-12,64158.41,65497.53,62294.84,64783.13,2519.30730563,34.96997800000099
2021-11-13,64417.52,64980.0,63400.0,64140.23,830.13101807,0.0
2021-11-13,64417.52,64980.0,63400.0,64140.23,830.13101807,0.0
2021-11-14,65509.87,65509.87,63595.76,64403.43,1247.88451724,0.0
2021-11-14,65509.87,65509.87,63595.76,64403.43,1247.88451724,0.0
2021-11-15,63606.09,66387.4,63348.91,65509.87,2000.8236224,9.35042600000088
2021-11-15,63606.09,66387.4,63348.91,65509.87,2000.8236224,9.35042600000088
2021-11-16,60142.31,63628.0,58563.0,63621.61,4632.77331708,51.00499299999865
2021-11-16,60142.31,63628.0,58563.0,63621.61,4632.77331708,51.00499299999865
2021-11-17,60373.65,60888.5,58400.0,60115.12,3716.81055911,43.82151800000065
2021-11-17,60373.65,60888.5,58400.0,60115.12,3716.81055911,43.82151800000065
2021-11-18,56917.66,60978.39,56516.44,60376.94,6160.70975752,-7.134735999999975
2021-11-18,56917.66,60978.39,56516.44,60376.94,6160.70975752,-7.134735999999975
2021-11-19,58128.55,58402.05,55640.0,56924.94,3277.02585927,46.43698399999994
2021-11-19,58128.55,58402.05,55640.0,56924.94,3277.02585927,46.43698399999994
2021-11-20,59768.54,59896.54,57424.27,58126.46,1172.15930996,0.0
2021-11-20,59768.54,59896.54,57424.27,58126.46,1172.15930996,0.0
2021-11-21,58678.47,60090.55,58525.84,59785.85,895.6750948,0.0
2021-11-21,58678.47,60090.55,58525.84,59785.85,895.6750948,0.0
2021-11-22,56294.11,59516.78,55628.57,58679.27,2943.16337271,45.76862700000129
2021-11-22,56294.11,59516.78,55628.57,58679.27,2943.16337271,45.76862700000129
2021-11-23,57579.99,57897.54,55128.6,56283.8,2732.08480061,104.31689600000027
2021-11-23,57579.99,57897.54,55128.6,56283.8,2732.08480061,104.31689600000027
2021-11-24,57185.06,57750.2,55894.62,57583.91,1809.45432912,96.58290800000032
2021-11-24,57185.06,57750.2,55894.62,57583.91,1809.45432912,96.58290800000032
2021-11-25,58990.14,59445.45,57044.42,57169.19,1362.17480499,-17.92810400000235
2021-11-25,58990.14,59445.45,57044.42,57169.19,1362.17480499,-17.92810400000235
2021-11-26,53789.35,59207.36,53524.03,59004.88,5221.84056738,27.921030000001338
2021-11-26,53789.35,59207.36,53524.03,59004.88,5221.84056738,27.921030000001338
2021-11-27,54774.66,55382.0,53653.45,53794.32,1360.56586778,0.0
2021-11-27,54774.66,55382.0,53653.45,53794.32,1360.56586778,0.0
2021-11-28,57338.55,57482.42,53308.93,54764.24,1377.55454862,0.0
2021-11-28,57338.55,57482.42,53308.93,54764.24,1377.55454862,0.0
2021-11-29,57845.12,58931.07,56750.0,57327.32,2069.734969,0.0
2021-11-29,57845.12,58931.07,56750.0,57327.32,2069.734969,0.0
2021-11-30,56974.12,59250.0,55918.8,57843.33,3562.71762735,-8.21814699999959
2021-11-30,56974.12,59250.0,55918.8,57843.33,3562.71762735,-8.21814699999959
2021-12-01,57251.59,59099.64,56469.22,57027.28,2515.54071956,772.3579700000009
2021-12-01,57251.59,59099.64,56469.22,57027.28,2515.54071956,772.3579700000009
2021-12-02,56547.96,57413.52,55839.85,57232.71,2758.14469791,3.146359999998822
2021-12-02,56547.96,57413.52,55839.85,57232.71,2758.14469791,3.146359999998822
2021-12-03,53743.69,57652.0,51556.01,56534.26,2964.76818531,550.4159650000001
2021-12-03,53743.69,57652.0,51556.01,56534.26,2964.76818531,550.4159650000001
2021-12-04,49234.97,53877.77,41967.5,53685.47,10025.68966854,0.0
2021-12-04,49234.97,53877.77,41967.5,53685.47,10025.68966854,0.0
2021-12-05,49463.22,49777.62,47836.34,49240.81,5156.66613697,0.0
2021-12-05,49463.22,49777.62,47836.34,49240.81,5156.66613697,0.0
2021-12-06,50555.0,50986.0,47111.0,49484.0,4652.11767659,1054.5906130000003
2021-12-06,50555.0,50986.0,47111.0,49484.0,4652.11767659,1054.5906130000003
2021-12-07,50627.32,51991.0,50062.13,50550.09,1719.31761862,91.3260429999973
2021-12-07,50627.32,51991.0,50062.13,50550.09,1719.31761862,91.3260429999973
2021-12-08,50543.3,51249.41,48656.2,50635.87,1598.43571319,1041.1374250000008
2021-12-08,50543.3,51249.41,48656.2,50635.87,1598.43571319,1041.1374250000008
2021-12-09,47593.12,50839.01,47332.43,50535.15,2585.43270776,957.3193750000028
2021-12-09,47593.12,50839.01,47332.43,50535.15,2585.43270776,957.3193750000028
2021-12-10,47142.42,50132.88,46886.0,47573.43,2705.17070403,-128.69914900000003
2021-12-10,47142.42,50132.88,46886.0,47573.43,2705.17070403,-128.69914900000003
2021-12-11,49400.54,49539.4,46789.0,47179.53,1323.03955982,0.0
2021-12-11,49400.54,49539.4,46789.0,47179.53,1323.03955982,0.0
2021-12-12,50124.38,50800.0,48675.0,49420.51,1233.78838616,0.0
2021-12-12,50124.38,50800.0,48675.0,49420.51,1233.78838616,0.0
2021-12-13,46725.02,50226.2,45750.0,50102.31,3337.44792896,699.4912809999987
2021-12-13,46725.02,50226.2,45750.0,50102.31,3337.44792896,699.4912809999987
2021-12-14,48389.96,48689.3,46310.4,46736.7,2016.58981458,854.9142949999987
2021-12-14,48389.96,48689.3,46310.4,46736.7,2016.58981458,854.9142949999987
2021-12-15,48876.84,49514.85,46560.0,48386.95,2593.35180959,-172.13251899999887
2021-12-15,48876.84,49514.85,46560.0,48386.95,2593.35180959,-172.13251899999887
2021-12-16,47663.42,49449.0,47506.21,48876.84,1456.25725801,-342.9978080000001
2021-12-16,47663.42,49449.0,47506.21,48876.84,1456.25725801,-342.9978080000001
2021-12-17,46210.92,48018.52,45478.74,47654.99,2077.28024679,-124.4793720000016
2021-12-17,46210.92,48018.52,45478.74,47654.99,2077.28024679,-124.4793720000016
2021-12-18,46881.87,47370.14,45501.0,46141.63,827.39374258,0.0
2021-12-18,46881.87,47370.14,45501.0,46141.63,827.39374258,0.0
2021-12-19,46704.67,48307.34,46450.0,46854.18,1275.49937089,0.0
2021-12-19,46704.67,48307.34,46450.0,46854.18,1275.49937089,0.0
2021-12-20,46915.0,47547.5,45572.94,46671.66,1726.01603262,-152.36219499999788
2021-12-20,46915.0,47547.5,45572.94,46671.66,1726.01603262,-152.36219499999788
2021-12-21,48929.86,49353.49,46667.08,46926.72,1674.16446918,7.099999857e-05
2021-12-21,48929.86,49353.49,46667.08,46926.72,1674.16446918,7.099999857e-05
2021-12-22,48618.99,49600.0,48449.87,48907.75,1306.16574192,-39.80052699999942
2021-12-22,48618.99,49600.0,48449.87,48907.75,1306.16574192,-39.80052699999942
2021-12-23,50850.0,51386.66,48051.1,48618.99,1715.35802664,301.7983400000012
2021-12-23,50850.0,51386.66,48051.1,48618.99,1715.35802664,301.7983400000012
2021-12-24,50841.48,51864.56,50442.34,50850.0,1446.08883091,12.048782999998366
2021-12-24,50841.48,51864.56,50442.34,50850.0,1446.08883091,12.048782999998366
2021-12-25,50442.22,51179.36,50190.9,50857.42,823.04872916,0.0
2021-12-25,50442.22,51179.36,50190.9,50857.42,823.04872916,0.0
2021-12-26,50791.21,51292.65,49458.85,50421.51,1015.22197466,0.0
2021-12-26,50791.21,51292.65,49458.85,50421.51,1015.22197466,0.0
2021-12-27,50718.11,52098.6,50479.44,50885.32,1102.98343745,0.0
2021-12-27,50718.11,52098.6,50479.44,50885.32,1102.98343745,0.0
2021-12-28,47543.3,50719.59,47300.0,50708.05,2215.26863352,0.0
2021-12-28,47543.3,50719.59,47300.0,50708.05,2215.26863352,0.0
2021-12-29,46483.36,48157.41,46099.94,47597.7,2089.30815829,-191.43410799999765
2021-12-29,46483.36,48157.41,46099.94,47597.7,2089.30815829,-191.43410799999765
2021-12-30,47150.71,47916.32,45934.37,46474.59,2162.27044303,-248.15088900000046
2021-12-30,47150.71,47916.32,45934.37,46474.59,2162.27044303,-248.15088900000046
2021-12-31,46214.37,48589.47,45655.31,47110.3,1798.55260406,-76.49146500000279
2021-12-31,46214.37,48589.47,45655.31,47110.3,1798.55260406,-76.49146500000279
2022-01-01,47777.42,47960.98,46199.9,46230.0,741.52060313,0.0
2022-01-01,47777.42,47960.98,46199.9,46230.0,741.52060313,0.0
2022-01-02,47350.22,47989.0,46660.0,47745.25,702.0947554,0.0
2022-01-02,47350.22,47989.0,46660.0,47745.25,702.0947554,0.0
2022-01-03,46439.89,47586.58,45692.13,47290.55,1140.17908832,0.0
2022-01-03,46439.89,47586.58,45692.13,47290.55,1140.17908832,0.0
2022-01-04,45820.0,47526.0,45539.05,46464.01,1832.61283694,5.28793399999995
2022-01-04,45820.0,47526.0,45539.05,46464.01,1832.61283694,5.28793399999995
2022-01-05,43435.8,46855.06,42413.59,45828.77,3397.54577759,-95.48477399999683
2022-01-05,43435.8,46855.06,42413.59,45828.77,3397.54577759,-95.48477399999683
2022-01-06,43097.6,43782.86,42414.0,43417.31,2450.1130935,-179.78597300000183
2022-01-06,43097.6,43782.86,42414.0,43417.31,2450.1130935,-179.78597300000183
2022-01-07,41535.66,43135.35,40600.0,43093.4,2984.20586087,22.594999000000826
2022-01-07,41535.66,43135.35,40600.0,43093.4,2984.20586087,22.594999000000826
2022-01-08,41690.77,42315.31,40517.05,41576.73,1581.47361959,0.0
2022-01-08,41690.77,42315.31,40517.05,41576.73,1581.47361959,0.0
2022-01-09,41875.81,42796.49,41200.0,41697.32,1532.58823403,0.0
2022-01-09,41875.81,42796.49,41200.0,41697.32,1532.58823403,0.0
2022-01-10,41845.42,42256.55,39558.7,41853.98,3494.01378649,-102.75142899999992
2022-01-10,41845.42,42256.55,39558.7,41853.98,3494.01378649,-102.75142899999992
2022-01-11,42736.0,43144.74,41284.11,41842.22,2442.65415081,116.09736499999781
2022-01-11,42736.0,43144.74,41284.11,41842.22,2442.65415081,116.09736499999781
2022-01-12,43933.5,44337.26,42471.17,42754.44,2502.76210107,147.8534200000031
2022-01-12,43933.5,44337.26,42471.17,42754.44,2502.76210107,147.8534200000031
2022-01-13,42571.94,44456.34,42321.0,43935.01,1993.88324273,-72.73246800000197
2022-01-13,42571.94,44456.34,42321.0,43935.01,1993.88324273,-72.73246800000197
2022-01-14,43102.35,43468.95,41782.21,42579.44,1386.83275834,4.129988000000594
2022-01-14,43102.35,43468.95,41782.21,42579.44,1386.83275834,4.129988000000594
2022-01-15,43102.01,43826.8,42387.86,43085.76,707.65852297,0.0
2022-01-15,43102.01,43826.8,42387.86,43085.76,707.65852297,0.0
2022-01-16,43107.7,43495.59,42615.0,43084.77,621.95302734,0.0
2022-01-16,43107.7,43495.59,42615.0,43084.77,621.95302734,0.0
2022-01-17,42255.07,43209.47,41581.0,43099.08,1060.00938797,-2.254288000000087
2022-01-17,42255.07,43209.47,41581.0,43099.08,1060.00938797,-2.254288000000087
2022-01-18,42377.4,42685.25,41290.06,42230.09,1638.87085963,9.656809000000067
2022-01-18,42377.4,42685.25,41290.06,42230.09,1638.87085963,9.656809000000067
2022-01-19,41683.21,42589.9,41145.23,42378.23,1664.70405269,-71.43356200000198
2022-01-19,41683.21,42589.9,41145.23,42378.23,1664.70405269,-71.43356200000198
2022-01-20,40736.05,43518.69,40554.14,41733.21,2425.15260695,139.9711860000025
2022-01-20,40736.05,43518.69,40554.14,41733.21,2425.15260695,139.9711860000025
2022-01-21,36495.46,41115.58,35423.0,40654.72,6201.04610092,63.999405999999
2022-01-21,36495.46,41115.58,35423.0,40654.72,6201.04610092,63.999405999999
2022-01-22,35091.11,36825.98,34000.0,36447.37,4510.37218636,0.0
2022-01-22,35091.11,36825.98,34000.0,36447.37,4510.37218636,0.0
2022-01-23,36293.62,36574.47,34624.59,35084.79,2533.70397599,0.0
2022-01-23,36293.62,36574.47,34624.59,35084.79,2533.70397599,0.0
2022-01-24,36724.99,38050.0,32950.72,36262.21,6335.15428027,12.866087999998854
2022-01-24,36724.99,38050.0,32950.72,36262.21,6335.15428027,12.866087999998854
2022-01-25,36975.91,37552.3,35722.43,36721.59,2793.69107911,-36.39713899999697
2022-01-25,36975.91,37552.3,35722.43,36721.59,2793.69107911,-36.39713899999697
2022-01-26,36829.32,38946.0,36279.21,37006.76,3663.15557069,-406.4636230000033
2022-01-26,36829.32,38946.0,36279.21,37006.76,3663.15557069,-406.4636230000033
2022-01-27,37208.36,37251.0,35511.32,36824.02,3103.82301099,9.333387000002404
2022-01-27,37208.36,37251.0,35511.32,36824.02,3103.82301099,9.333387000002404
2022-01-28,37748.36,38022.11,36173.98,37179.62,2420.65410706,85.78398899999956
2022-01-28,37748.36,38022.11,36173.98,37179.62,2420.65410706,85.78398899999956
2022-01-29,38192.65,38741.67,37327.79,37713.14,1296.90892268,0.0
2022-01-29,38192.65,38741.67,37327.79,37713.14,1296.90892268,0.0
2022-01-30,37941.82,38378.88,37372.59,38176.45,708.79481272,0.0
2022-01-30,37941.82,38378.88,37372.59,38176.45,708.79481272,0.0
2022-01-31,38491.92,38776.33,36631.66,37914.1,2009.13000337,87.95260699999926
2022-01-31,38491.92,38776.33,36631.66,37914.1,2009.13000337,87.95260699999926
2022-02-01,38733.04,39285.0,38033.78,38483.56,2073.9387171,1054.0769409999994
2022-02-01,38733.04,39285.0,38033.78,38483.56,2073.9387171,1054.0769409999994
2022-02-02,36923.5,38883.96,36618.36,38768.08,1672.70719509,745.3839020000014
2022-02-02,36923.5,38883.96,36618.36,38768.08,1672.70719509,745.3839020000014
2022-02-03,37320.11,37391.74,36264.55,36924.5,1624.39014671,-66.0471890000008
2022-02-03,37320.11,37391.74,36264.55,36924.5,1624.39014671,-66.0471890000008
2022-02-04,41579.57,41760.39,37064.28,37330.75,3901.59890405,4.244496999999683
2022-02-04,41579.57,41760.39,37064.28,37330.75,3901.59890405,4.244496999999683
2022-02-05,41427.72,41983.12,40975.0,41608.82,1892.23797403,0.0
2022-02-05,41427.72,41983.12,40975.0,41608.82,1892.23797403,0.0
2022-02-06,42420.24,42701.86,41141.81,41422.7,854.67571444,0.0
2022-02-06,42420.24,42701.86,41141.81,41422.7,854.67571444,0.0
2022-02-07,43869.04,44524.18,41682.11,42420.24,2601.46944039,-2127.971816999998
2022-02-07,43869.04,44524.18,41682.11,42420.24,2601.46944039,-2127.971816999998
2022-02-08,44091.56,45501.0,42701.19,43895.6,2591.80146351,3.364340000000084
2022-02-08,44091.56,45501.0,42701.19,43895.6,2591.80146351,3.364340000000084
2022-02-09,44426.84,44865.72,43164.0,44106.95,1625.88352507,9.22324899999876
2022-02-09,44426.84,44865.72,43164.0,44106.95,1625.88352507,9.22324899999876
2022-02-10,43524.6,45850.0,43209.07,44426.24,2692.62339808,582.0344860000005
2022-02-10,43524.6,45850.0,43209.07,44426.24,2692.62339808,582.0344860000005
2022-02-11,42406.19,43969.72,41983.12,43540.15,2170.37239741,410.7817369999975
2022-02-11,42406.19,43969.72,41983.12,43540.15,2170.37239741,410.7817369999975
2022-02-12,42241.11,43034.0,41740.06,42392.22,892.34533043,0.0
2022-02-12,42241.11,43034.0,41740.06,42392.22,892.34533043,0.0
2022-02-13,42077.74,42779.6,41882.54,42232.68,515.45574228,0.0
2022-02-13,42077.74,42779.6,41882.54,42232.68,515.45574228,0.0
2022-02-14,42540.3,42871.68,41575.0,42078.53,1270.88651697,-5.6915159999989555
2022-02-14,42540.3,42871.68,41575.0,42078.53,1270.88651697,-5.6915159999989555
2022-02-15,44582.48,44785.66,42469.96,42567.27,1772.92325828,48.26347800000076
2022-02-15,44582.48,44785.66,42469.96,42567.27,1772.92325828,48.26347800000076
2022-02-16,43901.48,44590.75,43312.83,44590.75,1251.8335942,98.3203880000001
2022-02-16,43901.48,44590.75,43312.83,44590.75,1251.8335942,98.3203880000001
2022-02-17,40556.11,44204.78,40088.88,43901.49,2437.49036088,1080.2269420000011
2022-02-17,40556.11,44204.78,40088.88,43901.49,2437.49036088,1080.2269420000011
2022-02-18,39996.99,40996.31,39450.0,40532.66,2212.7149201,1188.3291069999977
2022-02-18,39996.99,40996.31,39450.0,40532.66,2212.7149201,1188.3291069999977
2022-02-19,40109.02,40471.27,39587.08,40008.75,695.654296,0.0
2022-02-19,40109.02,40471.27,39587.08,40008.75,695.654296,0.0
2022-02-20,38373.9,40151.62,37974.18,40108.62,1283.5115474,0.0
2022-02-20,38373.9,40151.62,37974.18,40108.62,1283.5115474,0.0
2022-02-21,37076.6,39494.11,36810.72,38384.09,3501.42036418,0.0
2022-02-21,37076.6,39494.11,36810.72,38384.09,3501.42036418,0.0
2022-02-22,38269.94,38463.88,36368.99,37036.98,2388.75903515,-18.2576169999993
2022-02-22,38269.94,38463.88,36368.99,37036.98,2388.75903515,-18.2576169999993
2022-02-23,37274.18,39303.24,37060.16,38269.94,1778.27525833,-19.89756099999795
2022-02-23,37274.18,39303.24,37060.16,38269.94,1778.27525833,-19.89756099999795
2022-02-24,38376.88,39720.0,34324.05,37253.26,6302.85095659,110.72530799999731
2022-02-24,38376.88,39720.0,34324.05,37253.26,6302.85095659,110.72530799999731
2022-02-25,39231.64,39727.97,38027.61,38360.93,2202.85182731,0.00031999999919200004
2022-02-25,39231.64,39727.97,38027.61,38360.93,2202.85182731,0.00031999999919200004
2022-02-26,39146.66,40330.99,38600.0,39242.64,912.7240869,0.0
2022-02-26,39146.66,40330.99,38600.0,39242.64,912.7240869,0.0
2022-02-27,37712.68,39886.92,37015.74,39146.66,1701.81704307,0.0
2022-02-27,37712.68,39886.92,37015.74,39146.66,1701.81704307,0.0
2022-02-28,43178.98,44256.08,37468.99,37717.1,3160.61807044,25.551370000001043
2022-02-28,43178.98,44256.08,37468.99,37717.1,3160.61807044,25.551370000001043
2022-03-01,44443.96,44981.22,42847.85,43221.71,2831.29722228,1146.1774439999972
2022-03-01,44443.96,44981.22,42847.85,43221.71,2831.29722228,1146.1774439999972
2022-03-02,43936.72,45332.38,43350.0,44443.98,2043.55683949,1010.1506310000041
2022-03-02,43936.72,45332.38,43350.0,44443.98,2043.55683949,1010.1506310000041
2022-03-03,42476.26,44118.53,41832.34,43936.73,2253.43076958,252.921957999999
2022-03-03,42476.26,44118.53,41832.34,43936.73,2253.43076958,252.921957999999
2022-03-04,39175.56,42540.57,38590.95,42476.25,2493.65743037,-151.33714899999904
2022-03-04,39175.56,42540.57,38590.95,42476.25,2493.65743037,-151.33714899999904
2022-03-05,39416.79,39620.3,38600.3,39170.19,806.91142871,0.0
2022-03-05,39416.79,39620.3,38600.3,39170.19,806.91142871,0.0
2022-03-06,38438.89,39701.0,38100.0,39390.31,1194.37373381,0.0
2022-03-06,38438.89,39701.0,38100.0,39390.31,1194.37373381,0.0
2022-03-07,38016.47,39557.26,37169.52,38404.97,1949.69691981,-173.44152400000166
2022-03-07,38016.47,39557.26,37169.52,38404.97,1949.69691981,-173.44152400000166
2022-03-08,38753.65,39377.0,37885.05,38002.23,1864.90461382,-7.042719999997644
2022-03-08,38753.65,39377.0,37885.05,38002.23,1864.90461382,-7.042719999997644
2022-03-09,41960.02,42591.68,38667.65,38761.13,1980.29362461,34.783651999998256
2022-03-09,41960.02,42591.68,38667.65,38761.13,1980.29362461,34.783651999998256
2022-03-10,39444.45,42053.95,38545.19,41952.13,2506.23482676,-608.1119120000003
2022-03-10,39444.45,42053.95,38545.19,41952.13,2506.23482676,-608.1119120000003
2022-03-11,38729.79,40237.22,38244.76,39433.48,2063.22335158,-61.16713699999673
2022-03-11,38729.79,40237.22,38244.76,39433.48,2063.22335158,-61.16713699999673
2022-03-12,38822.02,39458.58,38653.89,38729.79,962.85566586,0.0
2022-03-12,38822.02,39458.58,38653.89,38729.79,962.85566586,0.0
2022-03-13,37790.54,39312.5,37595.62,38798.68,737.88013225,0.0
2022-03-13,37790.54,39312.5,37595.62,38798.68,737.88013225,0.0
2022-03-14,39665.71,39913.42,37567.19,37763.37,1439.76768221,-40.541355000001204
2022-03-14,39665.71,39913.42,37567.19,37763.37,1439.76768221,-40.541355000001204
2022-03-15,39302.7,39896.13,38142.35,39688.55,1638.68402951,-467.9746779999987
2022-03-15,39302.7,39896.13,38142.35,39688.55,1638.68402951,-467.9746779999987
2022-03-16,41142.76,41693.97,38865.67,39302.8,5987.10388902,251.98865400000068
2022-03-16,41142.76,41693.97,38865.67,39302.8,5987.10388902,251.98865400000068
2022-03-17,40963.22,41497.24,40449.06,41142.76,1657.76165332,494.6152379999985
2022-03-17,40963.22,41497.24,40449.06,41142.76,1657.76165332,494.6152379999985
2022-03-18,41794.37,42362.0,40068.88,40963.22,2125.12318171,36.06572700000106
2022-03-18,41794.37,42362.0,40068.88,40963.22,2125.12318171,36.06572700000106
2022-03-19,42235.31,42405.01,41553.88,41781.96,976.88885105,0.0
2022-03-19,42235.31,42405.01,41553.88,41781.96,976.88885105,0.0
2022-03-20,41242.14,42324.06,40930.2,42240.43,1061.35307364,0.0
2022-03-20,41242.14,42324.06,40930.2,42240.43,1061.35307364,0.0
2022-03-21,41043.14,41588.7,40516.86,41293.19,1779.49806583,774.2006340000007
2022-03-21,41043.14,41588.7,40516.86,41293.19,1779.49806583,774.2006340000007
2022-03-22,42393.41,43337.41,40901.13,41018.36,2375.4246535,692.759607
2022-03-22,42393.41,43337.41,40901.13,41018.36,2375.4246535,692.759607
2022-03-23,42925.41,43021.73,41779.11,42393.62,1906.72354645,-37.47236100000009
2022-03-23,42925.41,43021.73,41779.11,42393.62,1906.72354645,-37.47236100000009
2022-03-24,44025.99,44240.0,42636.54,42912.21,2173.30497451,769.8911129999979
2022-03-24,44025.99,44240.0,42636.54,42912.21,2173.30497451,769.8911129999979
2022-03-25,44320.6,45137.12,43616.88,44025.99,1725.0715699,50.16033900000184
2022-03-25,44320.6,45137.12,43616.88,44025.99,1725.0715699,50.16033900000184
2022-03-26,44535.65,44815.31,44101.0,44340.49,494.7242021,0.0
2022-03-26,44535.65,44815.31,44101.0,44340.49,494.7242021,0.0
2022-03-27,46864.39,46950.0,44456.9,44553.24,1548.88890527,0.0
2022-03-27,46864.39,46950.0,44456.9,44553.24,1548.88890527,0.0
2022-03-28,47152.38,48234.0,46672.25,46854.96,2691.93784761,-271.64228600000206
2022-03-28,47152.38,48234.0,46672.25,46854.96,2691.93784761,-271.64228600000206
2022-03-29,47459.03,48128.87,46941.84,47152.38,1716.32392308,-560.9629050000003
2022-03-29,47459.03,48128.87,46941.84,47152.38,1716.32392308,-560.9629050000003
2022-03-30,47068.08,47721.41,46572.15,47459.03,1627.54321756,144.81142499999987
2022-03-30,47068.08,47721.41,46572.15,47459.03,1627.54321756,144.81142499999987
2022-03-31,45517.27,47624.18,45234.0,47086.07,1372.96510736,-151.75161600000138
2022-03-31,45517.27,47624.18,45234.0,47086.07,1372.96510736,-151.75161600000138
2022-04-01,46307.81,46739.81,44244.0,45522.53,1953.21952857,-482.08102399999916
2022-04-01,46307.81,46739.81,44244.0,45522.53,1953.21952857,-482.08102399999916
2022-04-02,45820.28,47218.17,45650.0,46306.38,724.30875007,0.0
2022-04-02,45820.28,47218.17,45650.0,46306.38,724.30875007,0.0
2022-04-03,46401.57,47458.48,45565.64,45820.28,1063.6287324,0.0
2022-04-03,46401.57,47458.48,45565.64,45820.28,1063.6287324,0.0
2022-04-04,46598.2,46891.17,45124.79,46414.88,1496.64154125,-13.853361000001314
2022-04-04,46598.2,46891.17,45124.79,46414.88,1496.64154125,-13.853361000001314
2022-04-05,45502.73,47201.0,45342.33,46514.43,1127.69043708,1.7926359999983101
2022-04-05,45502.73,47201.0,45342.33,46514.43,1127.69043708,1.7926359999983101
2022-04-06,43191.59,45548.77,43086.8,45512.95,3073.55689716,-489.5823369999998
2022-04-06,43191.59,45548.77,43086.8,45512.95,3073.55689716,-489.5823369999998
2022-04-07,43454.53,43896.45,42741.52,43172.83,1381.67737796,-131.98233599999367
2022-04-07,43454.53,43896.45,42741.52,43172.83,1381.67737796,-131.98233599999367
2022-04-08,42290.11,43986.09,42120.0,43467.82,1453.744661,-733.0981440000032
2022-04-08,42290.11,43986.09,42120.0,43467.82,1453.744661,-733.0981440000032
2022-04-09,42767.89,42807.63,42131.51,42258.22,525.17354399,0.0
2022-04-09,42767.89,42807.63,42131.51,42258.22,525.17354399,0.0
2022-04-10,42133.85,43450.72,41888.88,42774.85,862.61310467,0.0
2022-04-10,42133.85,43450.72,41888.88,42774.85,862.61310467,0.0
2022-04-11,39524.86,42415.57,39218.15,42159.45,2288.47921183,-840.2142400000012
2022-04-11,39524.86,42415.57,39218.15,42159.45,2288.47921183,-840.2142400000012
2022-04-12,40097.46,40691.01,39273.65,39545.37,2111.92057359,-1833.2993270000006
2022-04-12,40097.46,40691.01,39273.65,39545.37,2111.92057359,-1833.2993270000006
2022-04-13,41147.74,41557.61,39584.86,40099.51,1563.48448746,-404.8619099999996
2022-04-13,41147.74,41557.61,39584.86,40099.51,1563.48448746,-404.8619099999996
2022-04-14,39961.53,41504.29,39582.53,41159.29,1169.49381805,123.21879700000136
2022-04-14,39961.53,41504.29,39582.53,41159.29,1169.49381805,123.21879700000136
2022-04-15,40563.18,40869.99,39788.97,39962.6,752.39943803,0.0
2022-04-15,40563.18,40869.99,39788.97,39962.6,752.39943803,0.0
2022-04-16,40395.67,40701.0,40014.79,40576.41,365.72624783,0.0
2022-04-16,40395.67,40701.0,40014.79,40576.41,365.72624783,0.0
2022-04-17,39691.27,40602.69,39565.68,40379.81,485.0037186,0.0
2022-04-17,39691.27,40602.69,39565.68,40379.81,485.0037186,0.0
2022-04-18,40814.6,41101.0,38547.12,39660.62,2421.08185584,-761.2034930000009
2022-04-18,40814.6,41101.0,38547.12,39660.62,2421.08185584,-761.2034930000009
2022-04-19,41505.77,41754.05,40578.58,40814.6,1457.11081239,119.25047300000006
2022-04-19,41505.77,41754.05,40578.58,40814.6,1457.11081239,119.25047300000006
2022-04-20,41375.85,42220.04,40893.21,41476.89,1359.54131303,78.45210600000064
2022-04-20,41375.85,42220.04,40893.21,41476.89,1359.54131303,78.45210600000064
2022-04-21,40470.76,42978.95,39770.0,41378.77,2163.31405365,57.26236300000164
2022-04-21,40470.76,42978.95,39770.0,41378.77,2163.31405365,57.26236300000164
2022-04-22,39726.03,40808.66,39197.64,40497.0,2136.9997712,-20.499147000002267
2022-04-22,39726.03,40808.66,39197.64,40497.0,2136.9997712,-20.499147000002267
2022-04-23,39421.59,39983.98,39301.0,39700.55,398.24448783,0.0
2022-04-23,39421.59,39983.98,39301.0,39700.55,398.24448783,0.0
2022-04-24,39467.4,39944.65,38987.0,39438.51,663.70417243,0.0
2022-04-24,39467.4,39944.65,38987.0,39438.51,663.70417243,0.0
2022-04-25,40441.11,40602.85,38202.91,39464.67,2220.04402771,-21.672898000000714
2022-04-25,40441.11,40602.85,38202.91,39464.67,2220.04402771,-21.672898000000714
2022-04-26,38137.67,40800.0,37701.0,40452.52,2909.72251989,1032.6712970000008
2022-04-26,38137.67,40800.0,37701.0,40452.52,2909.72251989,1032.6712970000008
2022-04-27,39256.05,39494.73,37885.75,38105.68,1769.00930667,-0.475461999998515
2022-04-27,39256.05,39494.73,37885.75,38105.68,1769.00930667,-0.475461999998515
2022-04-28,39754.2,40387.0,38880.44,39254.4,1842.00508443,-140.0305040000021
2022-04-28,39754.2,40387.0,38880.44,39254.4,1842.00508443,-140.0305040000021
2022-04-29,38593.42,39923.61,38174.27,39753.28,1600.89916681,127.66448700000183
2022-04-29,38593.42,39923.61,38174.27,39753.28,1600.89916681,127.66448700000183
2022-04-30,37639.8,38786.95,37597.36,38599.3,728.27961992,0.0
2022-04-30,37639.8,38786.95,37597.36,38599.3,728.27961992,0.0
2022-05-01,38488.34,38672.2,37400.0,37638.78,1248.04269032,0.0
2022-05-01,38488.34,38672.2,37400.0,37638.78,1248.04269032,0.0
2022-05-02,38521.01,39153.13,38045.79,38484.46,1434.10079893,0.00010199999815
2022-05-02,38521.01,39153.13,38045.79,38484.46,1434.10079893,0.00010199999815
2022-05-03,37729.95,38641.57,37515.83,38506.38,1157.92207652,303.2785130000011
2022-05-03,37729.95,38641.57,37515.83,38506.38,1157.92207652,303.2785130000011
2022-05-04,39685.23,40050.19,37665.46,37735.35,2297.27213438,2926.4296170000016
2022-05-04,39685.23,40050.19,37665.46,37735.35,2297.27213438,2926.4296170000016
2022-05-05,36533.93,39840.37,35579.4,39685.23,3736.73012912,-1444.632415
2022-05-05,36533.93,39840.37,35579.4,39685.23,3736.73012912,-1444.632415
2022-05-06,36019.22,36648.2,35268.69,36542.41,2594.53333069,1569.931220999999
2022-05-06,36019.22,36648.2,35268.69,36542.41,2594.53333069,1569.931220999999
2022-05-07,35463.46,36123.99,34777.85,36019.15,1224.39699253,0.0
2022-05-07,35463.46,36123.99,34777.85,36019.15,1224.39699253,0.0
2022-05-08,34025.5,35496.55,33710.16,35465.46,2670.39981616,0.0
2022-05-08,34025.5,35496.55,33710.16,35465.46,2670.39981616,0.0
2022-05-09,30082.0,34224.35,30015.0,34051.2,7631.12166167,-53.7349699999977
2022-05-09,30082.0,34224.35,30015.0,34051.2,7631.12166167,-53.7349699999977
2022-05-10,30999.97,32650.0,29731.03,30066.48,7402.30231296,70.94818099999975
2022-05-10,30999.97,32650.0,29731.03,30066.48,7402.30231296,70.94818099999975
2022-05-11,29000.0,32148.15,27757.77,31002.27,11180.84883589,195.80126399999426
2022-05-11,29000.0,32148.15,27757.77,31002.27,11180.84883589,195.80126399999426
2022-05-12,28896.19,30090.7,25401.05,28999.99,16578.810599,6902.139248000007
2022-05-12,28896.19,30090.7,25401.05,28999.99,16578.810599,6902.139248000007
2022-05-13,29238.81,30974.6,28686.37,28932.69,6010.27363922,-5052.577318000003
2022-05-13,29238.81,30974.6,28686.37,28932.69,6010.27363922,-5052.577318000003
2022-05-14,30033.96,30281.49,28561.23,29239.41,2910.99216303,0.0
2022-05-14,30033.96,30281.49,28561.23,29239.41,2910.99216303,0.0
2022-05-15,31295.03,31411.48,29440.71,30041.16,2085.06630084,0.0
2022-05-15,31295.03,31411.48,29440.71,30041.16,2085.06630084,0.0
2022-05-16,29832.45,31275.27,29060.0,31275.27,3112.79429009,5913.011209999997
2022-05-16,29832.45,31275.27,29060.0,31275.27,3112.79429009,5913.011209999997
2022-05-17,30425.36,30753.96,29400.0,29847.53,2143.92566327,-6030.9275720000005
2022-05-17,30425.36,30753.96,29400.0,29847.53,2143.92566327,-6030.9275720000005
2022-05-18,28681.26,30670.0,28615.23,30423.9,2318.15544994,-44.27174799999921
2022-05-18,28681.26,30670.0,28615.23,30423.9,2318.15544994,-44.27174799999921
2022-05-19,30290.33,30505.14,28656.46,28681.15,2516.77484526,-93.21853499999997
2022-05-19,30290.33,30505.14,28656.46,28681.15,2516.77484526,-93.21853499999997
2022-05-20,29176.7,30725.56,28690.13,30271.22,2337.17319044,6.802219000004698
2022-05-20,29176.7,30725.56,28690.13,30271.22,2337.17319044,6.802219000004698
2022-05-21,29421.05,29621.01,28914.7,29176.7,490.42738451,0.0
2022-05-21,29421.05,29621.01,28914.7,29176.7,490.42738451,0.0
2022-05-22,30264.66,30457.58,29209.03,29400.34,1318.89417974,0.0
2022-05-22,30264.66,30457.58,29209.03,29400.34,1318.89417974,0.0
2022-05-23,29081.76,30628.0,28839.29,30264.66,2158.65047198,0.0
2022-05-23,29081.76,30628.0,28839.29,30264.66,2158.65047198,0.0
2022-05-24,29632.15,29810.38,28632.4,29081.76,1490.23613231,-35.63565000000381
2022-05-24,29632.15,29810.38,28632.4,29081.76,1490.23613231,-35.63565000000381
2022-05-25,29510.15,30189.7,29313.78,29626.53,1563.30877003,751.8045630000051
2022-05-25,29510.15,30189.7,29313.78,29626.53,1563.30877003,751.8045630000051
2022-05-26,29183.06,29853.34,28003.0,29511.95,2835.00522362,2057.349534999994
2022-05-26,29183.06,29853.34,28003.0,29511.95,2835.00522362,2057.349534999994
2022-05-27,28589.48,29360.34,28253.57,29183.39,2109.94198208,1822.2335190000013
2022-05-27,28589.48,29360.34,28253.57,29183.39,2109.94198208,1822.2335190000013
2022-05-28,29010.82,29231.9,28498.73,28606.08,721.5469467,0.0
2022-05-28,29010.82,29231.9,28498.73,28606.08,721.5469467,0.0
2022-05-29,29448.94,29561.04,28814.46,29010.82,909.19180016,0.0
2022-05-29,29448.94,29561.04,28814.46,29010.82,909.19180016,0.0
2022-05-30,31731.22,32195.68,29276.15,29454.69,3257.5487365,6.347337999999581
2022-05-30,31731.22,32195.68,29276.15,29454.69,3257.5487365,6.347337999999581
2022-05-31,31762.76,32375.81,31181.26,31677.13,1621.62249868,2780.638522000001
2022-05-31,31762.76,32375.81,31181.26,31677.13,1621.62249868,2780.638522000001
2022-06-01,29787.4,31962.79,29309.84,31777.06,2629.80184718,-51.34060999999929
2022-06-01,29787.4,31962.79,29309.84,31777.06,2629.80184718,-51.34060999999929
2022-06-02,30437.18,30688.82,29568.13,29791.96,1226.29074296,-848.0473130000028
2022-06-02,30437.18,30688.82,29568.13,29791.96,1226.29074296,-848.0473130000028
2022-06-03,29669.39,30670.07,29232.99,30437.77,1151.14514737,-2211.048606999997
2022-06-03,29669.39,30670.07,29232.99,30437.77,1151.14514737,-2211.048606999997
2022-06-04,29853.51,29948.84,29444.21,29688.17,472.40386055,0.0
2022-06-04,29853.51,29948.84,29444.21,29688.17,472.40386055,0.0
2022-06-05,29888.98,30153.18,29514.96,29834.06,563.06294053,0.0
2022-06-05,29888.98,30153.18,29514.96,29834.06,563.06294053,0.0
2022-06-06,31351.21,31737.31,29868.16,29905.46,2494.10424691,1724.0313779999997
2022-06-06,31351.21,31737.31,29868.16,29905.46,2494.10424691,1724.0313779999997
2022-06-07,31115.82,31536.11,29184.25,31351.1,3672.30493412,-1869.5165629999974
2022-06-07,31115.82,31536.11,29184.25,31351.1,3672.30493412,-1869.5165629999974
2022-06-08,30185.58,31310.53,29831.85,31108.3,1909.67240307,-42.00160400000459
2022-06-08,30185.58,31310.53,29831.85,31108.3,1909.67240307,-42.00160400000459
2022-06-09,30089.03,30672.56,29920.56,30190.31,953.92926451,1019.7146380000049
2022-06-09,30089.03,30672.56,29920.56,30190.31,953.92926451,1019.7146380000049
2022-06-10,29065.66,30333.81,28832.83,30068.53,2545.34126907,-3081.5901770000055
2022-06-10,29065.66,30333.81,28832.83,30068.53,2545.34126907,-3081.5901770000055
2022-06-11,28390.94,29403.62,28085.75,29065.66,1587.1952467,0.0
2022-06-11,28390.94,29403.62,28085.75,29065.66,1587.1952467,0.0
2022-06-12,26585.1,28523.06,26500.0,28397.38,2588.83347441,0.0
2022-06-12,26585.1,28523.06,26500.0,28397.38,2588.83347441,0.0
2022-06-13,22450.43,26845.63,21910.26,26538.63,12621.88318574,9566.351025000004
2022-06-13,22450.43,26845.63,21910.26,26538.63,12621.88318574,9566.351025000004
2022-06-14,22097.3,23288.88,20816.35,22407.53,8576.80050998,-3.62884699999995
2022-06-14,22097.3,23288.88,20816.35,22407.53,8576.80050998,-3.62884699999995
2022-06-15,22555.27,22756.0,20079.72,22077.83,13481.53959307,-1056.1694140000036
2022-06-15,22555.27,22756.0,20079.72,22077.83,13481.53959307,-1056.1694140000036
2022-06-16,20382.88,22957.01,20200.0,22563.82,4889.1243038,969.796377000006
2022-06-16,20382.88,22957.01,20200.0,22563.82,4889.1243038,969.796377000006
2022-06-17,20440.7,21325.06,20220.16,20387.66,3615.09731757,-24510.267146000002
2022-06-17,20440.7,21325.06,20220.16,20387.66,3615.09731757,-24510.267146000002
2022-06-18,18956.8,20758.0,17592.78,20428.19,7958.38532206,0.0
2022-06-18,18956.8,20758.0,17592.78,20428.19,7958.38532206,0.0
2022-06-19,20552.82,20783.48,17930.7,18952.14,5100.88311828,0.0
2022-06-19,20552.82,20783.48,17930.7,18952.14,5100.88311828,0.0
2022-06-20,20555.44,21036.89,19616.1,20557.2,5112.85052521,-34.94347700000071
2022-06-20,20555.44,21036.89,19616.1,20557.2,5112.85052521,-34.94347700000071
2022-06-21,20712.29,21708.76,20332.07,20555.44,3543.16812013,34.04768100000001
2022-06-21,20712.29,21708.76,20332.07,20555.44,3543.16812013,34.04768100000001
2022-06-22,19963.68,20863.44,19743.99,20710.01,4210.49538322,15.028179000000819
2022-06-22,19963.68,20863.44,19743.99,20710.01,4210.49538322,15.028179000000819
2022-06-23,21093.42,21204.14,19869.63,19977.24,2677.89902823,6.999999823100001e-05
2022-06-23,21093.42,21204.14,19869.63,19977.24,2677.89902823,6.999999823100001e-05
2022-06-24,21215.42,21538.4,20713.77,21102.75,2444.77217091,12.989304999999149
2022-06-24,21215.42,21538.4,20713.77,21102.75,2444.77217091,12.989304999999149
2022-06-25,21486.8,21586.67,20890.0,21229.66,1196.38466227,0.0
2022-06-25,21486.8,21586.67,20890.0,21229.66,1196.38466227,0.0
2022-06-26,21028.69,21868.0,20968.85,21486.67,1437.60709463,0.0
2022-06-26,21028.69,21868.0,20968.85,21486.67,1437.60709463,0.0
2022-06-27,20699.72,21516.85,20491.28,21029.19,1648.58803237,-63.323881000000256
2022-06-27,20699.72,21516.85,20491.28,21029.19,1648.58803237,-63.323881000000256
2022-06-28,20261.34,21178.73,20176.0,20722.27,2048.6845194,97.05812100000185
2022-06-28,20261.34,21178.73,20176.0,20722.27,2048.6845194,97.05812100000185
2022-06-29,20093.18,20398.99,19827.0,20253.88,1605.32356204,8.730035000000498
2022-06-29,20093.18,20398.99,19827.0,20253.88,1605.32356204,8.730035000000498
2022-06-30,19924.89,20131.06,18595.6,20098.0,4907.84854025,-31.38246600000275
2022-06-30,19924.89,20131.06,18595.6,20098.0,4907.84854025,-31.38246600000275
2022-07-01,19239.47,20895.08,18944.69,19960.61,4424.08855864,0.0
2022-07-01,19239.47,20895.08,18944.69,19960.61,4424.08855864,0.0
2022-07-02,19228.25,19425.08,18960.0,19263.41,1478.97411836,0.0
2022-07-02,19228.25,19425.08,18960.0,19263.41,1478.97411836,0.0
2022-07-03,19294.46,19616.43,18763.96,19232.76,1438.93649433,0.0
2022-07-03,19294.46,19616.43,18763.96,19232.76,1438.93649433,0.0
2022-07-04,20209.53,20319.88,19032.44,19296.88,2016.0820069,-4.770954999999958
2022-07-04,20209.53,20319.88,19032.44,19296.88,2016.0820069,-4.770954999999958
2022-07-05,20168.63,20720.0,19281.82,20209.02,2882.22647228,94.16180200000235
2022-07-05,20168.63,20720.0,19281.82,20209.02,2882.22647228,94.16180200000235
2022-07-06,20547.45,20648.76,19750.16,20164.65,2093.38193195,18.975790000000416
2022-07-06,20547.45,20648.76,19750.16,20164.65,2093.38193195,18.975790000000416
2022-07-07,21643.56,21847.25,20237.58,20546.29,3422.57159508,29.788603999997576
2022-07-07,21643.56,21847.25,20237.58,20546.29,3422.57159508,29.788603999997576
2022-07-08,21584.14,22401.0,21164.07,21620.85,3352.94753796,2.010825000001205
2022-07-08,21584.14,22401.0,21164.07,21620.85,3352.94753796,2.010825000001205
2022-07-09,21588.35,21955.18,21311.36,21592.69,865.38701575,0.0
2022-07-09,21588.35,21955.18,21311.36,21592.69,865.38701575,0.0
2022-07-10,20856.08,21593.73,20629.99,21581.98,1398.91806277,0.0
2022-07-10,20856.08,21593.73,20629.99,21581.98,1398.91806277,0.0
2022-07-11,19949.71,20858.75,19869.0,20851.14,1381.03847332,-8.647527000000991
2022-07-11,19949.71,20858.75,19869.0,20851.14,1381.03847332,-8.647527000000991
2022-07-12,19321.14,20036.24,19237.42,19948.55,1738.03082444,16.527593000002526
2022-07-12,19321.14,20036.24,19237.42,19948.55,1738.03082444,16.527593000002526
2022-07-13,20232.35,20367.88,18905.55,19337.91,3196.86413812,0.001046999997925
2022-07-13,20232.35,20367.88,18905.55,19337.91,3196.86413812,0.001046999997925
2022-07-14,20577.23,20880.0,19608.47,20225.24,2574.75885317,-110.22597400000086
2022-07-14,20577.23,20880.0,19608.47,20225.24,2574.75885317,-110.22597400000086
2022-07-15,20835.39,21186.35,20368.7,20569.17,1581.8301293,35.83437600000252
2022-07-16,21195.49,21577.0,20472.68,20823.7,1740.63926769,0.0
2022-07-17,20801.85,21664.52,20751.08,21198.34,1497.20354125,0.0
2022-07-18,22435.04,22760.04,20757.29,20786.76,4288.35687434,25.760511000000406
2022-07-19,23405.02,23800.0,21578.45,22439.63,4682.35297064,-76.40969800000312
2022-07-20,23208.53,24280.3,22893.95,23392.04,4052.68459237,25.727310000002035
2022-07-21,23163.34,23430.33,22340.34,23217.0,2267.47408756,-4.667646000001696
2022-07-22,22682.26,23760.87,22512.42,23166.09,2025.58385843,0.000596000001678
2022-07-23,22468.69,23005.68,21944.47,22696.19,1010.85783614,0.0
2022-07-24,22595.81,23006.77,22272.23,22468.7,681.19673676,0.0
2022-07-25,21306.56,22673.68,21250.0,22589.47,2128.78016831,-61.505442000001494
2022-07-26,21259.78,21344.09,20700.13,21314.26,1965.57798404,-14.594300000000658
2022-07-27,22969.04,23112.9,21047.7,21266.14,2976.18882906,461.9083400000018
2022-07-28,23853.11,24198.95,22600.0,22972.22,3463.79018298,2615.9418670000014
2022-07-29,23785.31,24445.0,23438.5,23856.91,2536.49166787,337.9233270000004
2022-07-30,23644.58,24676.0,23523.29,23777.85,1739.57494563,0.0
2022-07-31,23322.53,24190.09,23241.0,23652.53,1624.15172546,0.0
2022-08-01,23282.92,23511.5,22861.0,23287.38,1310.17180502,0.0
2022-08-02,23001.52,23468.33,22665.98,23291.67,1441.50641868,-923.6278260000036
2022-08-03,22835.88,23642.14,22686.12,22997.07,1306.29502305,-818.4914679999965
2022-08-04,22615.24,23228.77,22400.0,22830.37,1537.96629545,-791.3851650000033
2022-08-05,23326.4,23478.0,22587.94,22630.14,2070.35989801,784.7384480000001
2022-08-06,22956.61,23354.54,22919.76,23326.5,672.14529689,0.0
2022-08-07,23187.62,23411.55,22855.14,22946.0,691.3833738,0.0
2022-08-08,23821.68,24246.06,23169.64,23177.72,1845.04091771,302.9163370000024
2022-08-09,23164.78,23927.44,22880.22,23811.29,1206.11169091,-385.64523100000224
2022-08-10,23964.0,24228.0,22668.57,23151.68,2251.388441,1181.311772000001
2022-08-11,23959.0,24921.0,23867.0,23961.0,1964.2043205,1223.1794660000014
2022-08-12,24407.0,24459.0,23615.0,23957.0,1258.79271631,-989.9110340000007
2022-08-13,24456.0,24900.0,24301.0,24421.0,891.42169723,0.0
2022-08-14,24320.0,25053.0,24161.0,24459.0,1360.86975366,0.0
2022-08-15,24110.0,25212.0,23782.0,24324.0,1764.96054871,-2208.6664100000016
2022-08-16,23867.0,24250.0,23673.0,24103.0,761.78640254,-200.19617300000027
2022-08-17,23340.0,24448.0,23176.0,23866.0,1814.51630224,-119.1726920000001
2022-08-18,23201.0,23593.0,23103.0,23348.0,888.93580166,-90.8768999999993
2022-08-19,20841.0,23202.0,20785.0,23192.0,3558.4209748,-60.1547479999972
2022-08-20,21146.0,21368.0,20769.0,20840.0,1475.27766281,0.0
2022-08-21,21514.0,21778.0,21070.0,21150.0,1070.7625595,0.0
2022-08-22,21411.0,21530.0,20901.0,21517.0,1428.98968096,-48.38510300000053
2022-08-23,21520.0,21672.0,20899.0,21404.0,1237.15547461,-33.47288500000286
2022-08-24,21372.0,21892.0,21142.0,21523.0,1825.65585841,94.44222100000115
2022-08-25,21571.0,21813.0,21319.0,21364.0,1134.96366241,27.26576600000044
2022-08-26,20250.0,21870.0,20119.0,21550.0,3482.0913778,92.35430400000041
2022-08-27,20045.0,20376.0,19766.0,20242.0,1322.83765891,0.0
2022-08-28,19557.0,20159.0,19526.0,20044.0,883.35771116,0.0
2022-08-29,20302.0,20415.0,19557.0,19571.0,1226.5339045,-27.66585599999962
2022-08-30,19819.0,20575.0,19552.0,20300.0,2061.62816733,-83.56681899999967
2022-08-31,20059.0,20490.0,19822.0,19836.0,2271.16555773,56.18776900000012
2022-09-01,20128.0,20202.0,19573.0,20049.0,1841.61890225,92.92011499999717
2022-09-02,19959.0,20440.0,19762.0,20133.0,1704.54970941,-11.820616999997583
2022-09-03,19840.0,20053.0,19667.0,19950.0,454.45221631,0.0
2022-09-04,20007.0,20025.0,19586.0,19840.0,468.46460815,0.0
2022-09-05,19794.0,20051.0,19634.0,20014.0,975.96352852,0.0
2022-09-06,18789.0,20181.0,18669.0,19799.0,3216.97354596,-24.65845099999933
2022-09-07,19276.0,19456.0,18540.0,18808.0,1946.27402334,-12.080501000000368
2022-09-08,19322.0,19454.0,19023.0,19301.0,1759.19295086,-54.59952400000111
2022-09-09,21371.0,21610.0,19303.0,19327.0,4009.32373236,100.34999999999854
2022-09-10,21672.0,21814.0,21125.0,21371.0,1355.39296702,0.0
2022-09-11,21835.0,21871.0,21360.0,21663.0,844.39459098,0.0
2022-09-12,22401.0,22485.0,21565.0,21836.0,2496.98699671,-54.70999999999913
2022-09-13,20177.0,22781.0,19862.0,22396.0,3927.08003147,-50.56351300000097
2022-09-14,20233.0,20526.0,19623.0,20175.0,2793.90630535,15.517433000000892
2022-09-15,19691.0,20432.0,19500.0,20226.0,2531.5711628,-8.53216799999791
2022-09-16,19802.0,19887.0,19330.0,19704.0,2514.42684614,51.2175419999985
2022-09-17,20114.0,20187.0,19757.0,19802.0,947.27782708,0.0
2022-09-18,19419.0,20116.0,19343.0,20116.0,1609.63965374,0.0
2022-09-19,19538.0,19679.0,18271.0,19418.0,3418.2169402,49.71443100000033
2022-09-20,18878.0,19634.0,18717.0,19535.0,2544.25288865,-16.31520200000159
2022-09-21,18466.0,19902.0,18157.0,18877.0,5332.93776764,12.050486000000092
2022-09-22,19403.0,19541.0,18368.0,18458.0,2607.0417597,-185.96376099999907
2022-09-23,19294.0,19491.0,18533.0,19411.0,2593.18338023,-3.977616000000125
2022-09-24,18921.0,19309.0,18817.0,19291.0,922.02394143,0.0
2022-09-25,18810.0,19182.0,18636.0,18919.0,979.44306377,0.0
2022-09-26,19226.0,19313.0,18690.0,18809.0,3167.38799752,-22.255424999999377
2022-09-27,19075.0,20381.0,18822.0,19233.0,4423.71693902,-6.626937000000908
2022-09-28,19413.0,19770.0,18461.0,19085.0,3817.64021997,9.968335000001389
2022-09-29,19592.0,19630.0,18852.0,19413.0,1812.62118977,6.297308999997767
2022-09-30,19425.0,20171.0,19152.0,19593.0,2413.78432301,-64.17858599999818
2022-10-01,19312.0,19484.0,19174.0,19419.0,378.60698732,0.0
2022-10-02,19051.0,19395.0,18931.0,19306.0,518.03380521,0.0
2022-10-03,19636.0,19715.0,18975.0,19060.0,1109.13176723,47.50633899999957
2022-10-04,20343.0,20469.0,19497.0,19633.0,2455.5428922,0.001218000001244
2022-10-05,20162.0,20366.0,19735.0,20343.0,1789.84892196,6.287574999998469
2022-10-06,19951.0,20447.0,19864.0,20161.0,1438.88952495,-64.98109499999919
2022-10-07,19532.0,20056.0,19335.0,19960.0,1290.58016407,54.59975900000063
2022-10-08,19420.0,19624.0,19259.0,19533.0,517.31876324,0.0
2022-10-09,19445.0,19604.0,19324.0,19421.0,707.27451611,0.0
2022-10-10,19131.0,19525.0,19029.0,19436.0,1052.98301829,0.0
2022-10-11,19059.0,19265.0,18853.0,19131.0,1332.93245318,-11.949903000000631
2022-10-12,19157.0,19229.0,18967.0,19061.0,870.27070879,-22.244426000001113
2022-10-13,19377.0,19504.0,18183.0,19156.0,2920.78208384,-1.077430999997886
2022-10-14,19181.0,19947.0,19083.0,19374.0,1313.80111372,41.10161599999992
2022-10-15,19066.0,19229.0,18990.0,19184.0,331.43098278,0.0
2022-10-16,19264.0,19425.0,19067.0,19072.0,417.01160964,0.0
2022-10-17,19547.0,19672.0,19160.0,19262.0,1141.62350258,-6.637428000001819
2022-10-18,19334.0,19700.0,19099.0,19547.0,1524.52635389,-63.265526999999565
2022-10-19,19126.0,19356.0,19078.0,19329.0,1302.59535401,-24.802448999998887
2022-10-20,19043.0,19340.0,18913.0,19128.0,1491.66449329,-10.99527500000113
2022-10-21,19165.0,19245.0,18660.0,19043.0,1923.43991085,12.611746999999013
2022-10-22,19206.0,19250.0,19118.0,19166.0,455.42088912,0.0
2022-10-23,19574.0,19689.0,19079.0,19208.0,1195.62013587,0.0
2022-10-24,19332.0,19588.0,19169.0,19576.0,1155.8634844,0.0007310000000870001
2022-10-25,20087.0,20418.0,19222.0,19332.0,2804.51314609,0.033095000002504
2022-10-26,20775.0,21012.0,20062.0,20096.0,2711.06904662,6.373324000000139
2022-10-27,20296.0,20872.0,20210.0,20771.0,1669.88399576,-23.853769000001193
2022-10-28,20599.0,20750.0,20008.0,20295.0,1827.61380674,-11.288002000001143
2022-10-29,20821.0,21078.0,20566.0,20596.0,1213.18946622,0.0
2022-10-30,20628.0,20931.0,20525.0,20820.0,679.83876303,0.0
2022-10-31,20498.0,20833.0,20243.0,20631.0,1880.02456732,-64.2136619999983
2022-11-01,20480.0,20681.0,20334.0,20493.0,1276.69180973,0.000717999999324
2022-11-02,20154.0,20802.0,20055.0,20480.0,2292.08236192,13.90209699999832
2022-11-03,20209.0,20387.0,20039.0,20152.0,1004.11893277,3.59925800000201
2022-11-04,21153.0,21290.0,20184.0,20209.0,3501.47535754,-3.635435000000143
2022-11-05,21301.0,21473.0,21089.0,21152.0,774.12522007,0.0
2022-11-06,20907.0,21364.0,20899.0,21299.0,551.95849001,0.0
2022-11-07,20590.0,21070.0,20400.0,20899.0,1417.99563473,9.800000043400001e-05
2022-11-08,18550.0,20669.0,17114.0,20591.0,12035.90178845,-57.738846000000194
2022-11-09,15877.0,18588.0,15632.0,18546.0,8350.5654456,106.33169199999975
2022-11-10,17551.0,18150.0,15748.0,15900.0,8375.25692463,116.47777399999904
2022-11-11,17007.0,17645.0,16394.0,17548.0,5636.75561159,-15.52773199999865
2022-11-12,16788.0,17054.0,16610.0,17020.0,1882.26415655,0.0
2022-11-13,16310.0,17240.0,16263.0,16788.0,2703.91194662,0.0
2022-11-14,16589.0,17130.0,15784.0,16300.0,7964.34006887,-178.01826100000108
2022-11-15,16874.0,17095.0,16511.0,16586.0,5633.3993478,-0.00013699999908500001
2022-11-16,16654.0,16980.0,16371.0,16875.0,4035.80042365,-23.923054999999295
2022-11-17,16686.0,16724.0,16412.0,16655.0,2458.66689134,143.11455399999977
2022-11-18,16683.0,16971.0,16540.0,16687.0,2673.28041964,-12.120833000000857
2022-11-19,16690.0,16799.0,16548.0,16683.0,1377.3963971,0.0
2022-11-20,16256.0,16730.0,16169.0,16687.0,1827.05676561,0.0
2022-11-21,15766.0,16269.0,15479.0,16250.0,5633.48780213,-11.925900000002002
2022-11-22,16197.0,16281.0,15613.0,15757.0,3718.55455894,-19.310899000000063
2022-11-23,16603.0,16647.0,16150.0,16199.0,3505.29313128,-22.451905999998417
2022-11-24,16591.0,16783.0,16456.0,16594.0,2141.4844617,-4.9474130000016885
2022-11-25,16508.0,16604.0,16339.0,16589.0,2043.43507991,-7.8104329999987385
2022-11-26,16454.0,16685.0,16387.0,16511.0,1503.64131011,0.0
2022-11-27,16424.0,16587.0,16402.0,16451.0,1189.79470656,0.0
2022-11-28,16210.0,16477.0,16004.0,16420.0,3254.70177817,-91.71563400000014
2022-11-29,16434.0,16529.0,16102.0,16205.0,2310.87079583,-42.6835379999975
2022-11-30,17170.0,17223.0,16430.0,16437.0,4442.42726142,19.102015999997093
2022-12-01,16977.0,17250.0,16864.0,17166.0,3207.29094124,-32.06605199999831
2022-12-02,17095.0,17102.0,16800.0,16976.0,2329.03284999,47.89103400000022
2022-12-03,16886.0,17150.0,16868.0,17095.0,1177.01264514,0.0
2022-12-04,17114.0,17195.0,16890.0,16893.0,1603.5516013,0.0
2022-12-05,16968.0,17418.0,16879.0,17113.0,2251.51957602,-13.423864000000322
2022-12-06,17087.0,17101.0,16914.0,16968.0,1303.37122474,19.410093999998935
2022-12-07,16836.0,17131.0,16736.0,17091.0,1185.39328287,-7.130826000000525
2022-12-08,17229.0,17296.0,16734.0,16838.0,1724.69349744,11.39813100000174
2022-12-09,17128.0,17353.0,17073.0,17229.0,1226.70564841,-42.11387300000206
2022-12-10,17128.0,17223.0,17100.0,17129.0,677.74180701,0.0
2022-12-11,17091.0,17264.0,17080.0,17128.0,1239.3577856,0.0
2022-12-12,17209.0,17240.0,16881.0,17089.0,1695.0565253,-50.027157999997144
2022-12-13,17772.0,18106.0,17093.0,17214.0,3838.86501115,22.783794999999373
2022-12-14,17803.0,18373.0,17667.0,17771.0,3836.86554644,-10.03129600000102
2022-12-15,17362.0,17853.0,17288.0,17806.0,1887.37172156,-191.3336449999988
2022-12-16,16633.0,17525.0,16572.0,17361.0,2853.96835966,-36.627464000001055
2022-12-17,16781.0,16794.0,16596.0,16635.0,1114.37024438,0.0
2022-12-18,16749.0,16850.0,16676.0,16780.0,695.99091766,0.0
2022-12-19,16446.0,16815.0,16293.0,16744.0,2157.44154575,-17.565253000000666
2022-12-20,16898.0,17046.0,16402.0,16441.0,2115.97889225,22.177412000000913
2022-12-21,16824.0,16919.0,16719.0,16899.0,1618.76729861,-18.212869999999384
2022-12-22,16821.0,16863.0,16570.0,16823.0,1946.30526969,-77.40187200000219
2022-12-23,16779.0,16916.0,16750.0,16821.0,2138.4466876,-16.398349999999482
2022-12-24,16839.0,16848.0,16779.0,16779.0,960.3266097,0.0
2022-12-25,16828.0,16850.0,16731.0,16839.0,717.96557265,0.0
2022-12-26,16917.0,16933.0,16801.0,16828.0,731.85697007,0.0
2022-12-27,16700.0,16961.0,16588.0,16920.0,2204.70406525,0.0
2022-12-28,16540.0,16772.0,16465.0,16699.0,2220.78816676,-108.46787899999981
2022-12-29,16628.0,16650.0,16486.0,16540.0,1560.43976985,-88.10407499999928
2022-12-30,16603.0,16650.0,16337.0,16628.0,2223.64394181,0.0
2022-12-31,16528.0,16627.0,16471.0,16602.0,602.43437164,0.0
2023-01-01,16615.0,16622.0,16496.0,16530.0,473.83273801,0.0
2023-01-02,16673.0,16782.0,16552.0,16615.0,1046.7274368,0.0
2023-01-03,16670.0,16766.0,16605.0,16668.0,1388.07196613,-138.99920900000143
2023-01-04,16849.0,16984.0,16652.0,16673.0,2038.03012252,0.0
2023-01-05,16826.0,16871.0,16755.0,16847.0,1131.61941681,0.0
2023-01-06,16950.0,17024.0,16669.0,16826.0,1738.57975267,0.0
2023-01-07,16945.0,16975.0,16907.0,16951.0,523.75442441,0.0
2023-01-08,17119.0,17163.0,16915.0,16946.0,816.57209307,0.0
2023-01-09,17179.0,17393.0,17108.0,17124.0,2213.34824624,0.0
2023-01-10,17446.0,17490.0,17147.0,17177.0,1354.43514717,0.0
2023-01-11,17930.0,17992.0,17318.0,17448.0,1904.45231601,0.0
2023-01-12,18853.0,19114.0,17911.0,17948.0,5124.55845338,0.0
2023-01-13,19931.0,19991.0,18720.0,18852.0,3765.2742592,-184.9045449999976
2023-01-14,20960.0,21247.0,19895.0,19936.0,6843.48563958,0.0
2023-01-15,20885.0,21052.0,20549.0,20961.0,1352.72025796,0.0
2023-01-16,21189.0,21456.0,20634.0,20879.0,3236.95717404,-32.90061799999967
2023-01-17,21134.0,21594.0,20863.0,21186.0,2302.39736137,50.43893699999899
2023-01-18,20670.0,21646.0,20358.0,21136.0,3794.75671744,0.0
2023-01-19,21086.0,21185.0,20654.0,20678.0,2391.67069084,0.0
2023-01-20,22678.0,22750.0,20869.0,21085.0,2937.14734339,101.91105999999854
2023-01-21,22783.0,23362.0,22442.0,22670.0,3013.23007247,0.0
2023-01-22,22717.0,23076.0,22314.0,22791.0,1548.97073883,0.0
2023-01-23,22922.0,23167.0,22525.0,22708.0,1699.036477,113.23392299999978
2023-01-24,22637.0,23162.0,22473.0,22922.0,1953.73212508,91.67891700000109
2023-01-25,23054.0,23815.0,22334.0,22636.0,2582.12043347,357.7299200000016
2023-01-26,23010.0,23282.0,22866.0,23063.0,1472.74474346,592.9992889999994
2023-01-27,23083.0,23500.0,22541.0,23011.0,2086.70647505,47.320621999999275
2023-01-28,23033.0,23187.0,22894.0,23082.0,834.3522255,0.0
2023-01-29,23746.0,23954.0,22981.0,23031.0,1620.98279529,0.0
2023-01-30,22831.0,23799.0,22504.0,23748.0,2081.82272658,-36.40785500000129
2023-01-31,23127.0,23318.0,22724.0,22831.0,1557.98459142,0.000582000000576
2023-02-01,23735.0,23810.0,22768.0,23134.0,2468.52240577,146.43196800000078
2023-02-02,23498.0,24258.0,23377.0,23736.0,2609.58252721,44.86858199999915
2023-02-03,23434.0,23719.0,23212.0,23503.0,1742.07112849,-184.54197700000077
2023-02-04,23330.0,23582.0,23266.0,23421.0,778.73091268,0.0
2023-02-05,22937.0,23428.0,22766.0,23328.0,1525.50154971,0.0
2023-02-06,22763.0,23148.0,22643.0,22942.0,1731.60284453,-6.378835999999865
2023-02-07,23252.0,23338.0,22751.0,22761.0,2758.47564405,20.422185999999783
2023-02-08,22961.0,23439.0,22686.0,23246.0,1236.37140064,-71.57810199999949
2023-02-09,21802.0,23003.0,21700.0,22965.0,2260.7850853,-64.51583799999935
2023-02-10,21639.0,21939.0,21454.0,21803.0,1503.99323818,-498.3527549999999
2023-02-11,21868.0,21904.0,21610.0,21631.0,699.37255295,0.0
2023-02-12,21789.0,22086.0,21649.0,21868.0,1481.78576998,0.0
2023-02-13,21790.0,21897.0,21376.0,21790.0,1923.03740841,-241.4094159999986
2023-02-14,22211.0,22316.0,21569.0,21790.0,2032.44280719,-58.837641000001895
2023-02-15,24332.0,24374.0,22064.0,22208.0,2316.23830307,-49.910400000000664
2023-02-16,23521.0,25270.0,23520.0,24332.0,3634.8002493,-44.328873999998905
2023-02-17,24580.0,25014.0,23369.0,23518.0,3328.63120407,195.201599
2023-02-18,24640.0,24869.0,24450.0,24577.0,721.18871725,0.0
2023-02-19,24296.0,25183.0,24211.0,24638.0,1717.15816149,0.0
2023-02-20,24843.0,25118.0,23862.0,24271.0,1828.53775073,0.0
2023-02-21,24450.0,25250.0,24165.0,24843.0,2506.05738181,-15.852853000000323
2023-02-22,24188.0,24474.0,23594.0,24450.0,1951.95970979,-60.20654899999863
2023-02-23,23939.0,24590.0,23636.0,24188.0,2000.28221308,-116.68291300000055
2023-02-24,23189.0,24124.0,22865.0,23939.0,2782.78873072,-27.872682000001078
2023-02-25,23161.0,23215.0,22770.0,23186.0,863.37221739,0.0
2023-02-26,23562.0,23678.0,23068.0,23166.0,1019.2008877,0.0
2023-02-27,23493.0,23890.0,23126.0,23560.0,1768.12573577,-10.24783000000025
2023-02-28,23136.0,23594.0,23048.0,23497.0,1185.70463735,24.187054000001808
2023-03-01,23634.0,23990.0,23040.0,23146.0,1748.04686969,0.000100999997812
2023-03-02,23466.0,23791.0,23206.0,23632.0,1090.90317933,-11.246305999997276
2023-03-03,22359.0,23477.0,22000.0,23469.0,2878.02219561,-157.4700589999993
2023-03-04,22347.0,22401.0,22170.0,22359.0,608.34767678,0.0
2023-03-05,22428.0,22652.0,22212.0,22347.0,944.66432972,0.0
2023-03-06,22407.0,22590.0,22263.0,22427.0,1156.23472957,14.183698999997432
2023-03-07,22200.0,22547.0,21931.0,22414.0,1837.72234137,-19.143873000000895
2023-03-08,21704.0,22275.0,21590.0,22197.0,1477.18402948,-33.47204899999997
2023-03-09,20367.0,21824.0,20043.0,21697.0,3373.14910671,-88.5152049999997
2023-03-10,20220.0,20368.0,19569.0,20368.0,4695.23685366,-30.710266999998566
2023-03-11,20618.0,20874.0,19893.0,20226.0,3590.95407524,0.0
2023-03-12,22183.0,22269.0,20456.0,20615.0,3599.49467653,0.0
2023-03-13,24209.0,24618.0,21900.0,22190.0,6738.26574302,-83.65425099999993
2023-03-14,24750.0,26533.0,24070.0,24210.0,7966.02323163,-116.35885100000087
2023-03-15,24368.0,25273.0,23940.0,24745.0,4368.44571382,32.479129999999714
2023-03-16,25050.0,25217.0,24229.0,24361.0,2430.85019301,4.064720000002126
2023-03-17,27466.0,27818.0,24954.0,25051.0,5166.28277037,378.24495599999864
